Site,Parameter,Date (LT),Year,Month,Day,Hour,NowCast Conc.,AQI,AQI Category,Raw Conc.,Conc. Unit,Duration,QC Name
Phora Durbar Kathmandu,PM2.5 - Principal,2018-12-01 01:00 AM,2018,12,01,01,64.4,156,Unhealthy,53.0,UG/M3,1 Hr,Valid
Phora Durbar Kathmandu,PM2.5 - Principal,2018-12-01 02:00 AM,2018,12,01,02,66.2,157,Unhealthy,68.0,UG/M3,1 Hr,Valid
Phora Durbar Kathmandu,PM2.5 - Principal,2018-12-01 03:00 AM,2018,12,01,03,86.6,167,Unhealthy,107.0,UG/M3,1 Hr,Valid
Phora Durbar Kathmandu,PM2.5 - Principal,2018-12-01 04:00 AM,2018,12,01,04,81.3,164,Unhealthy,76.0,UG/M3,1 Hr,Valid
Phora Durbar Kathmandu,PM2.5 - Principal,2018-12-01 05:00 AM,2018,12,01,05,84.1,166,Unhealthy,87.0,UG/M3,1 Hr,Valid
Phora Durbar Kathmandu,PM2.5 - Principal,2018-12-01 06:00 AM,2018,12,01,06,81.5,164,Unhealthy,79.0,UG/M3,1 Hr,Valid
Phora Durbar Kathmandu,PM2.5 - Principal,2018-12-01 07:00 AM,2018,12,01,07,90.7,169,Unhealthy,100.0,UG/M3,1 Hr,Valid
Phora Durbar Kathmandu,PM2.5 - Principal,2018-12-01 08:00 AM,2018,12,01,08,91.9,170,Unhealthy,93.0,UG/M3,1 Hr,Valid
Phora Durbar Kathmandu,PM2.5 - Principal,2018-12-01 09:00 AM,2018,12,01,09,104.9,177,Unhealthy,118.0,UG/M3,1 Hr,Valid
Phora Durbar Kathmandu,PM2.5 - Principal,2018-12-01 10:00 AM,2018,12,01,10,111.9,180,Unhealthy,119.0,UG/M3,1 Hr,Valid
Phora Durbar Kathmandu,PM2.5 - Principal,2018-12-01 11:00 AM,2018,12,01,11,101.9,175,Unhealthy,92.0,UG/M3,1 Hr,Valid
Phora Durbar Kathmandu,PM2.5 - Principal,2018-12-01 12:00 PM,2018,12,01,12,81.9,165,Unhealthy,62.0,UG/M3,1 Hr,Valid
Phora Durbar Kathmandu,PM2.5 - Principal,2018-12-01 01:00 PM,2018,12,01,13,55.9,151,Unhealthy,30.0,UG/M3,1 Hr,Valid
Phora Durbar Kathmandu,PM2.5 - Principal,2018-12-01 02:00 PM,2018,12,01,14,46.9,129,Unhealthy for Sensitive Groups,38.0,UG/M3,1 Hr,Valid
Phora Durbar Kathmandu,PM2.5 - Principal,2018-12-01 03:00 PM,2018,12,01,15,40.4,113,Unhealthy for Sensitive Groups,34.0,UG/M3,1 Hr,Valid
Phora Durbar Kathmandu,PM2.5 - Principal,2018-12-01 04:00 PM,2018,12,01,16,36.2,103,Unhealthy for Sensitive Groups,32.0,UG/M3,1 Hr,Valid
Phora Durbar Kathmandu,PM2.5 - Principal,2018-12-01 05:00 PM,2018,12,01,17,49.1,134,Unhealthy for Sensitive Groups,62.0,UG/M3,1 Hr,Valid
Phora Durbar Kathmandu,PM2.5 - Principal,2018-12-01 06:00 PM,2018,12,01,18,56.5,152,Unhealthy,64.0,UG/M3,1 Hr,Valid
Phora Durbar Kathmandu,PM2.5 - Principal,2018-12-01 07:00 PM,2018,12,01,19,68.2,158,Unhealthy,80.0,UG/M3,1 Hr,Valid
Phora Durbar Kathmandu,PM2.5 - Principal,2018-12-01 08:00 PM,2018,12,01,20,86.1,167,Unhealthy,104.0,UG/M3,1 Hr,Valid
Phora Durbar Kathmandu,PM2.5 - Principal,2018-12-01 09:00 PM,2018,12,01,21,99.0,173,Unhealthy,112.0,UG/M3,1 Hr,Valid
Phora Durbar Kathmandu,PM2.5 - Principal,2018-12-01 10:00 PM,2018,12,01,22,118.0,183,Unhealthy,137.0,UG/M3,1 Hr,Valid
Phora Durbar Kathmandu,PM2.5 - Principal,2018-12-01 11:00 PM,2018,12,01,23,103.0,176,Unhealthy,88.0,UG/M3,1 Hr,Valid
Phora Durbar Kathmandu,PM2.5 - Principal,2018-12-02 12:00 AM,2018,12,02,00,93.0,170,Unhealthy,83.0,UG/M3,1 Hr,Valid
Phora Durbar Kathmandu,PM2.5 - Principal,2018-12-02 01:00 AM,2018,12,02,01,84.0,166,Unhealthy,75.0,UG/M3,1 Hr,Valid
Phora Durbar Kathmandu,PM2.5 - Principal,2018-12-02 02:00 AM,2018,12,02,02,72.0,160,Unhealthy,60.0,UG/M3,1 Hr,Valid
Phora Durbar Kathmandu,PM2.5 - Principal,2018-12-02 03:00 AM,2018,12,02,03,65.0,156,Unhealthy,58.0,UG/M3,1 Hr,Valid
Phora Durbar Kathmandu,PM2.5 - Principal,2018-12-02 04:00 AM,2018,12,02,04,64.0,155,Unhealthy,63.0,UG/M3,1 Hr,Valid
Phora Durbar Kathmandu,PM2.5 - Principal,2018-12-02 05:00 AM,2018,12,02,05,61.0,154,Unhealthy,58.0,UG/M3,1 Hr,Valid
Phora Durbar Kathmandu,PM2.5 - Principal,2018-12-02 06:00 AM,2018,12,02,06,63.5,155,Unhealthy,66.0,UG/M3,1 Hr,Valid
Phora Durbar Kathmandu,PM2.5 - Principal,2018-12-02 07:00 AM,2018,12,02,07,78.7,163,Unhealthy,94.0,UG/M3,1 Hr,Valid
Phora Durbar Kathmandu,PM2.5 - Principal,2018-12-02 08:00 AM,2018,12,02,08,83.3,165,Unhealthy,88.0,UG/M3,1 Hr,Valid
Phora Durbar Kathmandu,PM2.5 - Principal,2018-12-02 09:00 AM,2018,12,02,09,76.6,162,Unhealthy,70.0,UG/M3,1 Hr,Valid
Phora Durbar Kathmandu,PM2.5 - Principal,2018-12-02 10:00 AM,2018,12,02,10,75.7,161,Unhealthy,75.0,UG/M3,1 Hr,Valid
Phora Durbar Kathmandu,PM2.5 - Principal,2018-12-02 11:00 AM,2018,12,02,11,77.7,162,Unhealthy,81.0,UG/M3,1 Hr,Valid
Phora Durbar Kathmandu,PM2.5 - Principal,2018-12-02 12:00 PM,2018,12,02,12,69.0,158,Unhealthy,56.0,UG/M3,1 Hr,Valid
Phora Durbar Kathmandu,PM2.5 - Principal,2018-12-02 01:00 PM,2018,12,02,13,57.0,152,Unhealthy,47.0,UG/M3,1 Hr,Valid
Phora Durbar Kathmandu,PM2.5 - Principal,2018-12-02 02:00 PM,2018,12,02,14,49.0,134,Unhealthy for Sensitive Groups,41.0,UG/M3,1 Hr,Valid
Phora Durbar Kathmandu,PM2.5 - Principal,2018-12-02 03:00 PM,2018,12,02,15,48.0,132,Unhealthy for Sensitive Groups,47.0,UG/M3,1 Hr,Valid
Phora Durbar Kathmandu,PM2.5 - Principal,2018-12-02 04:00 PM,2018,12,02,16,48.5,133,Unhealthy for Sensitive Groups,49.0,UG/M3,1 Hr,Valid
Phora Durbar Kathmandu,PM2.5 - Principal,2018-12-02 05:00 PM,2018,12,02,17,46.7,129,Unhealthy for Sensitive Groups,45.0,UG/M3,1 Hr,Valid
Phora Durbar Kathmandu,PM2.5 - Principal,2018-12-02 06:00 PM,2018,12,02,18,53.3,145,Unhealthy for Sensitive Groups,60.0,UG/M3,1 Hr,Valid
Phora Durbar Kathmandu,PM2.5 - Principal,2018-12-02 07:00 PM,2018,12,02,19,68.1,158,Unhealthy,83.0,UG/M3,1 Hr,Valid
Phora Durbar Kathmandu,PM2.5 - Principal,2018-12-02 08:00 PM,2018,12,02,20,82.5,165,Unhealthy,97.0,UG/M3,1 Hr,Valid
Phora Durbar Kathmandu,PM2.5 - Principal,2018-12-02 09:00 PM,2018,12,02,21,103.8,176,Unhealthy,125.0,UG/M3,1 Hr,Valid
Phora Durbar Kathmandu,PM2.5 - Principal,2018-12-02 10:00 PM,2018,12,02,22,118.4,183,Unhealthy,133.0,UG/M3,1 Hr,Valid
Phora Durbar Kathmandu,PM2.5 - Principal,2018-12-02 11:00 PM,2018,12,02,23,112.7,181,Unhealthy,107.0,UG/M3,1 Hr,Valid
Phora Durbar Kathmandu,PM2.5 - Principal,2018-12-03 12:00 AM,2018,12,03,00,115.3,182,Unhealthy,118.0,UG/M3,1 Hr,Valid
Phora Durbar Kathmandu,PM2.5 - Principal,2018-12-03 01:00 AM,2018,12,03,01,97.1,172,Unhealthy,79.0,UG/M3,1 Hr,Valid
Phora Durbar Kathmandu,PM2.5 - Principal,2018-12-03 02:00 AM,2018,12,03,02,90.5,169,Unhealthy,84.0,UG/M3,1 Hr,Valid
Phora Durbar Kathmandu,PM2.5 - Principal,2018-12-03 03:00 AM,2018,12,03,03,91.8,170,Unhealthy,93.0,UG/M3,1 Hr,Valid
Phora Durbar Kathmandu,PM2.5 - Principal,2018-12-03 04:00 AM,2018,12,03,04,85.9,167,Unhealthy,80.0,UG/M3,1 Hr,Valid
Phora Durbar Kathmandu,PM2.5 - Principal,2018-12-03 05:00 AM,2018,12,03,05,105.4,177,Unhealthy,125.0,UG/M3,1 Hr,Valid
Phora Durbar Kathmandu,PM2.5 - Principal,2018-12-03 06:00 AM,2018,12,03,06,100.1,174,Unhealthy,96.0,UG/M3,1 Hr,Valid
Phora Durbar Kathmandu,PM2.5 - Principal,2018-12-03 07:00 AM,2018,12,03,07,98.8,173,Unhealthy,97.0,UG/M3,1 Hr,Valid
Phora Durbar Kathmandu,PM2.5 - Principal,2018-12-03 08:00 AM,2018,12,03,08,100.1,174,Unhealthy,102.0,UG/M3,1 Hr,Valid
Phora Durbar Kathmandu,PM2.5 - Principal,2018-12-03 09:00 AM,2018,12,03,09,93.1,170,Unhealthy,83.0,UG/M3,1 Hr,Valid
Phora Durbar Kathmandu,PM2.5 - Principal,2018-12-03 10:00 AM,2018,12,03,10,100.4,174,Unhealthy,112.0,UG/M3,1 Hr,Valid
Phora Durbar Kathmandu,PM2.5 - Principal,2018-12-03 11:00 AM,2018,12,03,11,105.0,177,Unhealthy,113.0,UG/M3,1 Hr,Valid
Phora Durbar Kathmandu,PM2.5 - Principal,2018-12-03 12:00 PM,2018,12,03,12,92.7,170,Unhealthy,74.0,UG/M3,1 Hr,Valid
Phora Durbar Kathmandu,PM2.5 - Principal,2018-12-03 01:00 PM,2018,12,03,13,77.8,163,Unhealthy,64.0,UG/M3,1 Hr,Valid
Phora Durbar Kathmandu,PM2.5 - Principal,2018-12-03 02:00 PM,2018,12,03,14,61.1,154,Unhealthy,45.0,UG/M3,1 Hr,Valid
Phora Durbar Kathmandu,PM2.5 - Principal,2018-12-03 03:00 PM,2018,12,03,15,51.5,140,Unhealthy for Sensitive Groups,42.0,UG/M3,1 Hr,Valid
Phora Durbar Kathmandu,PM2.5 - Principal,2018-12-03 04:00 PM,2018,12,03,16,45.2,125,Unhealthy for Sensitive Groups,39.0,UG/M3,1 Hr,Valid
Phora Durbar Kathmandu,PM2.5 - Principal,2018-12-03 05:00 PM,2018,12,03,17,50.1,137,Unhealthy for Sensitive Groups,55.0,UG/M3,1 Hr,Valid
Phora Durbar Kathmandu,PM2.5 - Principal,2018-12-03 06:00 PM,2018,12,03,18,65.0,156,Unhealthy,80.0,UG/M3,1 Hr,Valid
Phora Durbar Kathmandu,PM2.5 - Principal,2018-12-03 07:00 PM,2018,12,03,19,76.0,162,Unhealthy,87.0,UG/M3,1 Hr,Valid
Phora Durbar Kathmandu,PM2.5 - Principal,2018-12-03 08:00 PM,2018,12,03,20,89.5,169,Unhealthy,103.0,UG/M3,1 Hr,Valid
Phora Durbar Kathmandu,PM2.5 - Principal,2018-12-03 09:00 PM,2018,12,03,21,114.7,182,Unhealthy,140.0,UG/M3,1 Hr,Valid
Phora Durbar Kathmandu,PM2.5 - Principal,2018-12-03 10:00 PM,2018,12,03,22,129.3,189,Unhealthy,144.0,UG/M3,1 Hr,Valid
Phora Durbar Kathmandu,PM2.5 - Principal,2018-12-03 11:00 PM,2018,12,03,23,112.6,180,Unhealthy,96.0,UG/M3,1 Hr,Valid
Phora Durbar Kathmandu,PM2.5 - Principal,2018-12-04 12:00 AM,2018,12,04,00,94.3,171,Unhealthy,76.0,UG/M3,1 Hr,Valid
Phora Durbar Kathmandu,PM2.5 - Principal,2018-12-04 01:00 AM,2018,12,04,01,90.1,169,Unhealthy,86.0,UG/M3,1 Hr,Valid
Phora Durbar Kathmandu,PM2.5 - Principal,2018-12-04 02:00 AM,2018,12,04,02,86.5,167,Unhealthy,83.0,UG/M3,1 Hr,Valid
Phora Durbar Kathmandu,PM2.5 - Principal,2018-12-04 03:00 AM,2018,12,04,03,80.3,164,Unhealthy,74.0,UG/M3,1 Hr,Valid
Phora Durbar Kathmandu,PM2.5 - Principal,2018-12-04 04:00 AM,2018,12,04,04,76.1,162,Unhealthy,72.0,UG/M3,1 Hr,Valid
Phora Durbar Kathmandu,PM2.5 - Principal,2018-12-04 05:00 AM,2018,12,04,05,92.0,170,Unhealthy,108.0,UG/M3,1 Hr,Valid
Phora Durbar Kathmandu,PM2.5 - Principal,2018-12-04 06:00 AM,2018,12,04,06,84.0,166,Unhealthy,76.0,UG/M3,1 Hr,Valid
Phora Durbar Kathmandu,PM2.5 - Principal,2018-12-04 07:00 AM,2018,12,04,07,98.0,173,Unhealthy,112.0,UG/M3,1 Hr,Valid
Phora Durbar Kathmandu,PM2.5 - Principal,2018-12-04 08:00 AM,2018,12,04,08,106.5,177,Unhealthy,115.0,UG/M3,1 Hr,Valid
Phora Durbar Kathmandu,PM2.5 - Principal,2018-12-04 09:00 AM,2018,12,04,09,129.2,189,Unhealthy,152.0,UG/M3,1 Hr,Valid
Phora Durbar Kathmandu,PM2.5 - Principal,2018-12-04 10:00 AM,2018,12,04,10,138.6,194,Unhealthy,148.0,UG/M3,1 Hr,Valid
Phora Durbar Kathmandu,PM2.5 - Principal,2018-12-04 11:00 AM,2018,12,04,11,125.8,187,Unhealthy,113.0,UG/M3,1 Hr,Valid
Phora Durbar Kathmandu,PM2.5 - Principal,2018-12-04 12:00 PM,2018,12,04,12,128.9,189,Unhealthy,132.0,UG/M3,1 Hr,Valid
Phora Durbar Kathmandu,PM2.5 - Principal,2018-12-04 01:00 PM,2018,12,04,13,103.4,176,Unhealthy,78.0,UG/M3,1 Hr,Valid
Phora Durbar Kathmandu,PM2.5 - Principal,2018-12-04 02:00 PM,2018,12,04,14,71.2,159,Unhealthy,39.0,UG/M3,1 Hr,Valid
Phora Durbar Kathmandu,PM2.5 - Principal,2018-12-04 03:00 PM,2018,12,04,15,57.6,152,Unhealthy,44.0,UG/M3,1 Hr,Valid
Phora Durbar Kathmandu,PM2.5 - Principal,2018-12-04 04:00 PM,2018,12,04,16,51.3,140,Unhealthy for Sensitive Groups,45.0,UG/M3,1 Hr,Valid
Phora Durbar Kathmandu,PM2.5 - Principal,2018-12-04 05:00 PM,2018,12,04,17,52.1,142,Unhealthy for Sensitive Groups,53.0,UG/M3,1 Hr,Valid
Phora Durbar Kathmandu,PM2.5 - Principal,2018-12-04 06:00 PM,2018,12,04,18,63.5,155,Unhealthy,75.0,UG/M3,1 Hr,Valid
Phora Durbar Kathmandu,PM2.5 - Principal,2018-12-04 07:00 PM,2018,12,04,19,82.2,165,Unhealthy,101.0,UG/M3,1 Hr,Valid
Phora Durbar Kathmandu,PM2.5 - Principal,2018-12-04 08:00 PM,2018,12,04,20,106.1,177,Unhealthy,130.0,UG/M3,1 Hr,Valid
Phora Durbar Kathmandu,PM2.5 - Principal,2018-12-04 09:00 PM,2018,12,04,21,125.5,187,Unhealthy,145.0,UG/M3,1 Hr,Valid
Phora Durbar Kathmandu,PM2.5 - Principal,2018-12-04 10:00 PM,2018,12,04,22,132.2,191,Unhealthy,139.0,UG/M3,1 Hr,Valid
Phora Durbar Kathmandu,PM2.5 - Principal,2018-12-04 11:00 PM,2018,12,04,23,128.6,189,Unhealthy,125.0,UG/M3,1 Hr,Valid
Phora Durbar Kathmandu,PM2.5 - Principal,2018-12-05 12:00 AM,2018,12,05,00,111.3,180,Unhealthy,94.0,UG/M3,1 Hr,Valid
Phora Durbar Kathmandu,PM2.5 - Principal,2018-12-05 01:00 AM,2018,12,05,01,112.6,180,Unhealthy,114.0,UG/M3,1 Hr,Valid
Phora Durbar Kathmandu,PM2.5 - Principal,2018-12-05 02:00 AM,2018,12,05,02,100.8,174,Unhealthy,89.0,UG/M3,1 Hr,Valid
Phora Durbar Kathmandu,PM2.5 - Principal,2018-12-05 03:00 AM,2018,12,05,03,97.9,173,Unhealthy,95.0,UG/M3,1 Hr,Valid
Phora Durbar Kathmandu,PM2.5 - Principal,2018-12-05 04:00 AM,2018,12,05,04,92.9,170,Unhealthy,88.0,UG/M3,1 Hr,Valid
Phora Durbar Kathmandu,PM2.5 - Principal,2018-12-05 05:00 AM,2018,12,05,05,98.9,173,Unhealthy,105.0,UG/M3,1 Hr,Valid
Phora Durbar Kathmandu,PM2.5 - Principal,2018-12-05 06:00 AM,2018,12,05,06,97.6,173,Unhealthy,95.0,UG/M3,1 Hr,Valid
Phora Durbar Kathmandu,PM2.5 - Principal,2018-12-05 07:00 AM,2018,12,05,07,105.6,177,Unhealthy,118.0,UG/M3,1 Hr,Valid
Phora Durbar Kathmandu,PM2.5 - Principal,2018-12-05 08:00 AM,2018,12,05,08,119.1,184,Unhealthy,140.0,UG/M3,1 Hr,Valid
Phora Durbar Kathmandu,PM2.5 - Principal,2018-12-05 09:00 AM,2018,12,05,09,135.6,192,Unhealthy,155.0,UG/M3,1 Hr,Valid
Phora Durbar Kathmandu,PM2.5 - Principal,2018-12-05 10:00 AM,2018,12,05,10,156.3,207,Very Unhealthy,174.0,UG/M3,1 Hr,Valid
Phora Durbar Kathmandu,PM2.5 - Principal,2018-12-05 11:00 AM,2018,12,05,11,153.2,204,Very Unhealthy,150.0,UG/M3,1 Hr,Valid
Phora Durbar Kathmandu,PM2.5 - Principal,2018-12-05 12:00 PM,2018,12,05,12,153.6,204,Very Unhealthy,154.0,UG/M3,1 Hr,Valid
Phora Durbar Kathmandu,PM2.5 - Principal,2018-12-05 01:00 PM,2018,12,05,13,129.0,189,Unhealthy,104.0,UG/M3,1 Hr,Valid
Phora Durbar Kathmandu,PM2.5 - Principal,2018-12-05 02:00 PM,2018,12,05,14,103.9,176,Unhealthy,79.0,UG/M3,1 Hr,Valid
Phora Durbar Kathmandu,PM2.5 - Principal,2018-12-05 03:00 PM,2018,12,05,15,87.4,167,Unhealthy,71.0,UG/M3,1 Hr,Valid
Phora Durbar Kathmandu,PM2.5 - Principal,2018-12-05 04:00 PM,2018,12,05,16,73.2,160,Unhealthy,59.0,UG/M3,1 Hr,Valid
Phora Durbar Kathmandu,PM2.5 - Principal,2018-12-05 05:00 PM,2018,12,05,17,66.1,156,Unhealthy,59.0,UG/M3,1 Hr,Valid
Phora Durbar Kathmandu,PM2.5 - Principal,2018-12-05 06:00 PM,2018,12,05,18,68.0,157,Unhealthy,70.0,UG/M3,1 Hr,Valid
Phora Durbar Kathmandu,PM2.5 - Principal,2018-12-05 07:00 PM,2018,12,05,19,70.5,159,Unhealthy,73.0,UG/M3,1 Hr,Valid
Phora Durbar Kathmandu,PM2.5 - Principal,2018-12-05 08:00 PM,2018,12,05,20,90.7,169,Unhealthy,111.0,UG/M3,1 Hr,Valid
Phora Durbar Kathmandu,PM2.5 - Principal,2018-12-05 09:00 PM,2018,12,05,21,112.8,181,Unhealthy,135.0,UG/M3,1 Hr,Valid
Phora Durbar Kathmandu,PM2.5 - Principal,2018-12-05 10:00 PM,2018,12,05,22,129.9,189,Unhealthy,147.0,UG/M3,1 Hr,Valid
Phora Durbar Kathmandu,PM2.5 - Principal,2018-12-05 11:00 PM,2018,12,05,23,142.4,196,Unhealthy,155.0,UG/M3,1 Hr,Valid
Phora Durbar Kathmandu,PM2.5 - Principal,2018-12-06 12:00 AM,2018,12,06,00,110.7,180,Unhealthy,79.0,UG/M3,1 Hr,Valid
Phora Durbar Kathmandu,PM2.5 - Principal,2018-12-06 01:00 AM,2018,12,06,01,102.3,175,Unhealthy,94.0,UG/M3,1 Hr,Valid
Phora Durbar Kathmandu,PM2.5 - Principal,2018-12-06 02:00 AM,2018,12,06,02,98.6,173,Unhealthy,95.0,UG/M3,1 Hr,Valid
Phora Durbar Kathmandu,PM2.5 - Principal,2018-12-06 03:00 AM,2018,12,06,03,94.8,171,Unhealthy,91.0,UG/M3,1 Hr,Valid
Phora Durbar Kathmandu,PM2.5 - Principal,2018-12-06 04:00 AM,2018,12,06,04,88.9,168,Unhealthy,83.0,UG/M3,1 Hr,Valid
Phora Durbar Kathmandu,PM2.5 - Principal,2018-12-06 05:00 AM,2018,12,06,05,82.4,165,Unhealthy,76.0,UG/M3,1 Hr,Valid
Phora Durbar Kathmandu,PM2.5 - Principal,2018-12-06 06:00 AM,2018,12,06,06,89.2,168,Unhealthy,96.0,UG/M3,1 Hr,Valid
Phora Durbar Kathmandu,PM2.5 - Principal,2018-12-06 07:00 AM,2018,12,06,07,101.6,175,Unhealthy,114.0,UG/M3,1 Hr,Valid
Phora Durbar Kathmandu,PM2.5 - Principal,2018-12-06 08:00 AM,2018,12,06,08,112.3,180,Unhealthy,123.0,UG/M3,1 Hr,Valid
Phora Durbar Kathmandu,PM2.5 - Principal,2018-12-06 09:00 AM,2018,12,06,09,129.1,189,Unhealthy,146.0,UG/M3,1 Hr,Valid
Phora Durbar Kathmandu,PM2.5 - Principal,2018-12-06 10:00 AM,2018,12,06,10,134.0,192,Unhealthy,139.0,UG/M3,1 Hr,Valid
Phora Durbar Kathmandu,PM2.5 - Principal,2018-12-06 11:00 AM,2018,12,06,11,110.6,179,Unhealthy,86.0,UG/M3,1 Hr,Valid
Phora Durbar Kathmandu,PM2.5 - Principal,2018-12-06 12:00 PM,2018,12,06,12,91.5,170,Unhealthy,73.0,UG/M3,1 Hr,Valid
Phora Durbar Kathmandu,PM2.5 - Principal,2018-12-06 01:00 PM,2018,12,06,13,68.2,158,Unhealthy,45.0,UG/M3,1 Hr,Valid
Phora Durbar Kathmandu,PM2.5 - Principal,2018-12-06 02:00 PM,2018,12,06,14,57.6,152,Unhealthy,47.0,UG/M3,1 Hr,Valid
Phora Durbar Kathmandu,PM2.5 - Principal,2018-12-06 03:00 PM,2018,12,06,15,48.8,134,Unhealthy for Sensitive Groups,40.0,UG/M3,1 Hr,Valid
Phora Durbar Kathmandu,PM2.5 - Principal,2018-12-06 04:00 PM,2018,12,06,16,51.3,140,Unhealthy for Sensitive Groups,54.0,UG/M3,1 Hr,Valid
Phora Durbar Kathmandu,PM2.5 - Principal,2018-12-06 05:00 PM,2018,12,06,17,48.1,132,Unhealthy for Sensitive Groups,45.0,UG/M3,1 Hr,Valid
Phora Durbar Kathmandu,PM2.5 - Principal,2018-12-06 06:00 PM,2018,12,06,18,56.0,151,Unhealthy,64.0,UG/M3,1 Hr,Valid
Phora Durbar Kathmandu,PM2.5 - Principal,2018-12-06 07:00 PM,2018,12,06,19,64.5,156,Unhealthy,73.0,UG/M3,1 Hr,Valid
Phora Durbar Kathmandu,PM2.5 - Principal,2018-12-06 08:00 PM,2018,12,06,20,82.7,165,Unhealthy,101.0,UG/M3,1 Hr,Valid
Phora Durbar Kathmandu,PM2.5 - Principal,2018-12-06 09:00 PM,2018,12,06,21,87.3,167,Unhealthy,92.0,UG/M3,1 Hr,Valid
Phora Durbar Kathmandu,PM2.5 - Principal,2018-12-06 10:00 PM,2018,12,06,22,99.1,174,Unhealthy,111.0,UG/M3,1 Hr,Valid
Phora Durbar Kathmandu,PM2.5 - Principal,2018-12-06 11:00 PM,2018,12,06,23,110.0,179,Unhealthy,121.0,UG/M3,1 Hr,Valid
Phora Durbar Kathmandu,PM2.5 - Principal,2018-12-07 12:00 AM,2018,12,07,00,101.5,175,Unhealthy,93.0,UG/M3,1 Hr,Valid
Phora Durbar Kathmandu,PM2.5 - Principal,2018-12-07 01:00 AM,2018,12,07,01,89.2,168,Unhealthy,77.0,UG/M3,1 Hr,Valid
Phora Durbar Kathmandu,PM2.5 - Principal,2018-12-07 02:00 AM,2018,12,07,02,73.1,160,Unhealthy,57.0,UG/M3,1 Hr,Valid
Phora Durbar Kathmandu,PM2.5 - Principal,2018-12-07 03:00 AM,2018,12,07,03,70.5,159,Unhealthy,68.0,UG/M3,1 Hr,Valid
Phora Durbar Kathmandu,PM2.5 - Principal,2018-12-07 04:00 AM,2018,12,07,04,70.2,159,Unhealthy,70.0,UG/M3,1 Hr,Valid
Phora Durbar Kathmandu,PM2.5 - Principal,2018-12-07 05:00 AM,2018,12,07,05,73.6,160,Unhealthy,77.0,UG/M3,1 Hr,Valid
Phora Durbar Kathmandu,PM2.5 - Principal,2018-12-07 06:00 AM,2018,12,07,06,71.3,159,Unhealthy,69.0,UG/M3,1 Hr,Valid
Phora Durbar Kathmandu,PM2.5 - Principal,2018-12-07 07:00 AM,2018,12,07,07,88.1,168,Unhealthy,105.0,UG/M3,1 Hr,Valid
Phora Durbar Kathmandu,PM2.5 - Principal,2018-12-07 08:00 AM,2018,12,07,08,91.5,170,Unhealthy,95.0,UG/M3,1 Hr,Valid
Phora Durbar Kathmandu,PM2.5 - Principal,2018-12-07 09:00 AM,2018,12,07,09,111.7,180,Unhealthy,132.0,UG/M3,1 Hr,Valid
Phora Durbar Kathmandu,PM2.5 - Principal,2018-12-07 10:00 AM,2018,12,07,10,112.3,180,Unhealthy,113.0,UG/M3,1 Hr,Valid
Phora Durbar Kathmandu,PM2.5 - Principal,2018-12-07 11:00 AM,2018,12,07,11,97.6,173,Unhealthy,83.0,UG/M3,1 Hr,Valid
Phora Durbar Kathmandu,PM2.5 - Principal,2018-12-07 12:00 PM,2018,12,07,12,82.3,165,Unhealthy,67.0,UG/M3,1 Hr,Valid
Phora Durbar Kathmandu,PM2.5 - Principal,2018-12-07 01:00 PM,2018,12,07,13,58.1,152,Unhealthy,34.0,UG/M3,1 Hr,Valid
Phora Durbar Kathmandu,PM2.5 - Principal,2018-12-07 02:00 PM,2018,12,07,14,46.5,128,Unhealthy for Sensitive Groups,35.0,UG/M3,1 Hr,Valid
Phora Durbar Kathmandu,PM2.5 - Principal,2018-12-07 03:00 PM,2018,12,07,15,39.7,111,Unhealthy for Sensitive Groups,33.0,UG/M3,1 Hr,Valid
Phora Durbar Kathmandu,PM2.5 - Principal,2018-12-07 04:00 PM,2018,12,07,16,39.8,112,Unhealthy for Sensitive Groups,40.0,UG/M3,1 Hr,Valid
Phora Durbar Kathmandu,PM2.5 - Principal,2018-12-07 05:00 PM,2018,12,07,17,47.9,132,Unhealthy for Sensitive Groups,56.0,UG/M3,1 Hr,Valid
Phora Durbar Kathmandu,PM2.5 - Principal,2018-12-07 06:00 PM,2018,12,07,18,62.9,155,Unhealthy,78.0,UG/M3,1 Hr,Valid
Phora Durbar Kathmandu,PM2.5 - Principal,2018-12-07 07:00 PM,2018,12,07,19,71.4,159,Unhealthy,80.0,UG/M3,1 Hr,Valid
Phora Durbar Kathmandu,PM2.5 - Principal,2018-12-07 08:00 PM,2018,12,07,20,88.7,168,Unhealthy,106.0,UG/M3,1 Hr,Valid
Phora Durbar Kathmandu,PM2.5 - Principal,2018-12-07 09:00 PM,2018,12,07,21,97.8,173,Unhealthy,107.0,UG/M3,1 Hr,Valid
Phora Durbar Kathmandu,PM2.5 - Principal,2018-12-07 10:00 PM,2018,12,07,22,112.9,181,Unhealthy,128.0,UG/M3,1 Hr,Valid
Phora Durbar Kathmandu,PM2.5 - Principal,2018-12-07 11:00 PM,2018,12,07,23,104.4,176,Unhealthy,96.0,UG/M3,1 Hr,Valid
Phora Durbar Kathmandu,PM2.5 - Principal,2018-12-08 12:00 AM,2018,12,08,00,88.2,168,Unhealthy,72.0,UG/M3,1 Hr,Valid
Phora Durbar Kathmandu,PM2.5 - Principal,2018-12-08 01:00 AM,2018,12,08,01,80.1,164,Unhealthy,72.0,UG/M3,1 Hr,Valid
Phora Durbar Kathmandu,PM2.5 - Principal,2018-12-08 02:00 AM,2018,12,08,02,86.0,167,Unhealthy,92.0,UG/M3,1 Hr,Valid
Phora Durbar Kathmandu,PM2.5 - Principal,2018-12-08 03:00 AM,2018,12,08,03,83.5,165,Unhealthy,81.0,UG/M3,1 Hr,Valid
Phora Durbar Kathmandu,PM2.5 - Principal,2018-12-08 04:00 AM,2018,12,08,04,75.2,161,Unhealthy,67.0,UG/M3,1 Hr,Valid
Phora Durbar Kathmandu,PM2.5 - Principal,2018-12-08 05:00 AM,2018,12,08,05,73.4,160,Unhealthy,71.0,UG/M3,1 Hr,Valid
Phora Durbar Kathmandu,PM2.5 - Principal,2018-12-08 06:00 AM,2018,12,08,06,76.5,162,Unhealthy,80.0,UG/M3,1 Hr,Valid
Phora Durbar Kathmandu,PM2.5 - Principal,2018-12-08 07:00 AM,2018,12,08,07,82.9,165,Unhealthy,90.0,UG/M3,1 Hr,Valid
Phora Durbar Kathmandu,PM2.5 - Principal,2018-12-08 08:00 AM,2018,12,08,08,103.0,176,Unhealthy,125.0,UG/M3,1 Hr,Valid
Phora Durbar Kathmandu,PM2.5 - Principal,2018-12-08 09:00 AM,2018,12,08,09,132.0,190,Unhealthy,160.0,UG/M3,1 Hr,Valid
Phora Durbar Kathmandu,PM2.5 - Principal,2018-12-08 10:00 AM,2018,12,08,10,153.0,203,Very Unhealthy,174.0,UG/M3,1 Hr,Valid
Phora Durbar Kathmandu,PM2.5 - Principal,2018-12-08 11:00 AM,2018,12,08,11,144.5,197,Unhealthy,136.0,UG/M3,1 Hr,Valid
Phora Durbar Kathmandu,PM2.5 - Principal,2018-12-08 12:00 PM,2018,12,08,12,128.7,189,Unhealthy,113.0,UG/M3,1 Hr,Valid
Phora Durbar Kathmandu,PM2.5 - Principal,2018-12-08 01:00 PM,2018,12,08,13,85.8,167,Unhealthy,43.0,UG/M3,1 Hr,Valid
Phora Durbar Kathmandu,PM2.5 - Principal,2018-12-08 02:00 PM,2018,12,08,14,57.4,152,Unhealthy,29.0,UG/M3,1 Hr,Valid
Phora Durbar Kathmandu,PM2.5 - Principal,2018-12-08 03:00 PM,2018,12,08,15,42.7,119,Unhealthy for Sensitive Groups,28.0,UG/M3,1 Hr,Valid
Phora Durbar Kathmandu,PM2.5 - Principal,2018-12-08 04:00 PM,2018,12,08,16,39.3,110,Unhealthy for Sensitive Groups,36.0,UG/M3,1 Hr,Valid
Phora Durbar Kathmandu,PM2.5 - Principal,2018-12-08 05:00 PM,2018,12,08,17,43.6,121,Unhealthy for Sensitive Groups,48.0,UG/M3,1 Hr,Valid
Phora Durbar Kathmandu,PM2.5 - Principal,2018-12-08 06:00 PM,2018,12,08,18,55.8,151,Unhealthy,68.0,UG/M3,1 Hr,Valid
Phora Durbar Kathmandu,PM2.5 - Principal,2018-12-08 07:00 PM,2018,12,08,19,69.4,158,Unhealthy,83.0,UG/M3,1 Hr,Valid
Phora Durbar Kathmandu,PM2.5 - Principal,2018-12-08 08:00 PM,2018,12,08,20,93.7,171,Unhealthy,118.0,UG/M3,1 Hr,Valid
Phora Durbar Kathmandu,PM2.5 - Principal,2018-12-08 09:00 PM,2018,12,08,21,119.8,184,Unhealthy,146.0,UG/M3,1 Hr,Valid
Phora Durbar Kathmandu,PM2.5 - Principal,2018-12-08 10:00 PM,2018,12,08,22,126.4,188,Unhealthy,133.0,UG/M3,1 Hr,Valid
Phora Durbar Kathmandu,PM2.5 - Principal,2018-12-08 11:00 PM,2018,12,08,23,102.7,175,Unhealthy,79.0,UG/M3,1 Hr,Valid
Phora Durbar Kathmandu,PM2.5 - Principal,2018-12-09 12:00 AM,2018,12,09,00,94.8,171,Unhealthy,87.0,UG/M3,1 Hr,Valid
Phora Durbar Kathmandu,PM2.5 - Principal,2018-12-09 01:00 AM,2018,12,09,01,92.9,170,Unhealthy,91.0,UG/M3,1 Hr,Valid
Phora Durbar Kathmandu,PM2.5 - Principal,2018-12-09 02:00 AM,2018,12,09,02,84.9,166,Unhealthy,77.0,UG/M3,1 Hr,Valid
Phora Durbar Kathmandu,PM2.5 - Principal,2018-12-09 03:00 AM,2018,12,09,03,78.9,163,Unhealthy,73.0,UG/M3,1 Hr,Valid
Phora Durbar Kathmandu,PM2.5 - Principal,2018-12-09 04:00 AM,2018,12,09,04,77.5,162,Unhealthy,76.0,UG/M3,1 Hr,Valid
Phora Durbar Kathmandu,PM2.5 - Principal,2018-12-09 05:00 AM,2018,12,09,05,78.7,163,Unhealthy,80.0,UG/M3,1 Hr,Valid
Phora Durbar Kathmandu,PM2.5 - Principal,2018-12-09 06:00 AM,2018,12,09,06,73.8,160,Unhealthy,69.0,UG/M3,1 Hr,Valid
Phora Durbar Kathmandu,PM2.5 - Principal,2018-12-09 07:00 AM,2018,12,09,07,71.9,159,Unhealthy,70.0,UG/M3,1 Hr,Valid
Phora Durbar Kathmandu,PM2.5 - Principal,2018-12-09 08:00 AM,2018,12,09,08,89.4,169,Unhealthy,107.0,UG/M3,1 Hr,Valid
Phora Durbar Kathmandu,PM2.5 - Principal,2018-12-09 09:00 AM,2018,12,09,09,121.2,185,Unhealthy,153.0,UG/M3,1 Hr,Valid
Phora Durbar Kathmandu,PM2.5 - Principal,2018-12-09 10:00 AM,2018,12,09,10,126.1,187,Unhealthy,131.0,UG/M3,1 Hr,Valid
Phora Durbar Kathmandu,PM2.5 - Principal,2018-12-09 11:00 AM,2018,12,09,11,114.5,181,Unhealthy,103.0,UG/M3,1 Hr,Valid
Phora Durbar Kathmandu,PM2.5 - Principal,2018-12-09 12:00 PM,2018,12,09,12,91.7,170,Unhealthy,69.0,UG/M3,1 Hr,Valid
Phora Durbar Kathmandu,PM2.5 - Principal,2018-12-09 01:00 PM,2018,12,09,13,65.8,156,Unhealthy,40.0,UG/M3,1 Hr,Valid
Phora Durbar Kathmandu,PM2.5 - Principal,2018-12-09 02:00 PM,2018,12,09,14,56.9,152,Unhealthy,48.0,UG/M3,1 Hr,Valid
Phora Durbar Kathmandu,PM2.5 - Principal,2018-12-09 03:00 PM,2018,12,09,15,54.9,149,Unhealthy for Sensitive Groups,53.0,UG/M3,1 Hr,Valid
Phora Durbar Kathmandu,PM2.5 - Principal,2018-12-09 04:00 PM,2018,12,09,16,48.4,133,Unhealthy for Sensitive Groups,42.0,UG/M3,1 Hr,Valid
Phora Durbar Kathmandu,PM2.5 - Principal,2018-12-09 05:00 PM,2018,12,09,17,45.2,125,Unhealthy for Sensitive Groups,42.0,UG/M3,1 Hr,Valid
Phora Durbar Kathmandu,PM2.5 - Principal,2018-12-09 06:00 PM,2018,12,09,18,53.6,146,Unhealthy for Sensitive Groups,62.0,UG/M3,1 Hr,Valid
Phora Durbar Kathmandu,PM2.5 - Principal,2018-12-09 07:00 PM,2018,12,09,19,60.3,153,Unhealthy,67.0,UG/M3,1 Hr,Valid
Phora Durbar Kathmandu,PM2.5 - Principal,2018-12-09 08:00 PM,2018,12,09,20,72.1,160,Unhealthy,84.0,UG/M3,1 Hr,Valid
Phora Durbar Kathmandu,PM2.5 - Principal,2018-12-09 09:00 PM,2018,12,09,21,93.0,170,Unhealthy,114.0,UG/M3,1 Hr,Valid
Phora Durbar Kathmandu,PM2.5 - Principal,2018-12-09 10:00 PM,2018,12,09,22,108.5,178,Unhealthy,124.0,UG/M3,1 Hr,Valid
Phora Durbar Kathmandu,PM2.5 - Principal,2018-12-09 11:00 PM,2018,12,09,23,112.7,181,Unhealthy,117.0,UG/M3,1 Hr,Valid
Phora Durbar Kathmandu,PM2.5 - Principal,2018-12-10 12:00 AM,2018,12,10,00,97.3,173,Unhealthy,82.0,UG/M3,1 Hr,Valid
Phora Durbar Kathmandu,PM2.5 - Principal,2018-12-10 01:00 AM,2018,12,10,01,91.1,169,Unhealthy,85.0,UG/M3,1 Hr,Valid
Phora Durbar Kathmandu,PM2.5 - Principal,2018-12-10 02:00 AM,2018,12,10,02,81.1,164,Unhealthy,71.0,UG/M3,1 Hr,Valid
Phora Durbar Kathmandu,PM2.5 - Principal,2018-12-10 03:00 AM,2018,12,10,03,82.0,165,Unhealthy,83.0,UG/M3,1 Hr,Valid
Phora Durbar Kathmandu,PM2.5 - Principal,2018-12-10 04:00 AM,2018,12,10,04,79.5,163,Unhealthy,77.0,UG/M3,1 Hr,Valid
Phora Durbar Kathmandu,PM2.5 - Principal,2018-12-10 05:00 AM,2018,12,10,05,71.7,159,Unhealthy,64.0,UG/M3,1 Hr,Valid
Phora Durbar Kathmandu,PM2.5 - Principal,2018-12-10 06:00 AM,2018,12,10,06,70.1,159,Unhealthy,68.0,UG/M3,1 Hr,Valid
Phora Durbar Kathmandu,PM2.5 - Principal,2018-12-10 07:00 AM,2018,12,10,07,85.5,166,Unhealthy,102.0,UG/M3,1 Hr,Valid
Phora Durbar Kathmandu,PM2.5 - Principal,2018-12-10 08:00 AM,2018,12,10,08,113.9,181,Unhealthy,142.0,UG/M3,1 Hr,Valid
Phora Durbar Kathmandu,PM2.5 - Principal,2018-12-10 09:00 AM,2018,12,10,09,129.4,189,Unhealthy,145.0,UG/M3,1 Hr,Valid
Phora Durbar Kathmandu,PM2.5 - Principal,2018-12-10 10:00 AM,2018,12,10,10,123.7,186,Unhealthy,118.0,UG/M3,1 Hr,Valid
Phora Durbar Kathmandu,PM2.5 - Principal,2018-12-10 11:00 AM,2018,12,10,11,116.3,182,Unhealthy,109.0,UG/M3,1 Hr,Valid
Phora Durbar Kathmandu,PM2.5 - Principal,2018-12-10 12:00 PM,2018,12,10,12,83.6,166,Unhealthy,51.0,UG/M3,1 Hr,Valid
Phora Durbar Kathmandu,PM2.5 - Principal,2018-12-10 01:00 PM,2018,12,10,13,54.8,149,Unhealthy for Sensitive Groups,26.0,UG/M3,1 Hr,Valid
Phora Durbar Kathmandu,PM2.5 - Principal,2018-12-10 02:00 PM,2018,12,10,14,38.4,108,Unhealthy for Sensitive Groups,22.0,UG/M3,1 Hr,Valid
Phora Durbar Kathmandu,PM2.5 - Principal,2018-12-10 03:00 PM,2018,12,10,15,35.6,101,Unhealthy for Sensitive Groups,33.0,UG/M3,1 Hr,Valid
Phora Durbar Kathmandu,PM2.5 - Principal,2018-12-10 04:00 PM,2018,12,10,16,34.3,98,Moderate,33.0,UG/M3,1 Hr,Valid
Phora Durbar Kathmandu,PM2.5 - Principal,2018-12-10 05:00 PM,2018,12,10,17,38.6,109,Unhealthy for Sensitive Groups,43.0,UG/M3,1 Hr,Valid
Phora Durbar Kathmandu,PM2.5 - Principal,2018-12-10 06:00 PM,2018,12,10,18,50.3,137,Unhealthy for Sensitive Groups,62.0,UG/M3,1 Hr,Valid
Phora Durbar Kathmandu,PM2.5 - Principal,2018-12-10 07:00 PM,2018,12,10,19,65.1,156,Unhealthy,80.0,UG/M3,1 Hr,Valid
Phora Durbar Kathmandu,PM2.5 - Principal,2018-12-10 08:00 PM,2018,12,10,20,105.5,177,Unhealthy,146.0,UG/M3,1 Hr,Valid
Phora Durbar Kathmandu,PM2.5 - Principal,2018-12-10 09:00 PM,2018,12,10,21,114.7,182,Unhealthy,124.0,UG/M3,1 Hr,Valid
Phora Durbar Kathmandu,PM2.5 - Principal,2018-12-10 10:00 PM,2018,12,10,22,114.8,182,Unhealthy,115.0,UG/M3,1 Hr,Valid
Phora Durbar Kathmandu,PM2.5 - Principal,2018-12-10 11:00 PM,2018,12,10,23,97.4,173,Unhealthy,80.0,UG/M3,1 Hr,Valid
Phora Durbar Kathmandu,PM2.5 - Principal,2018-12-11 12:00 AM,2018,12,11,00,77.7,162,Unhealthy,58.0,UG/M3,1 Hr,Valid
Phora Durbar Kathmandu,PM2.5 - Principal,2018-12-11 01:00 AM,2018,12,11,01,60.3,153,Unhealthy,43.0,UG/M3,1 Hr,Valid
Phora Durbar Kathmandu,PM2.5 - Principal,2018-12-11 02:00 AM,2018,12,11,02,59.1,153,Unhealthy,58.0,UG/M3,1 Hr,Valid
Phora Durbar Kathmandu,PM2.5 - Principal,2018-12-11 03:00 AM,2018,12,11,03,56.5,152,Unhealthy,54.0,UG/M3,1 Hr,Valid
Phora Durbar Kathmandu,PM2.5 - Principal,2018-12-11 04:00 AM,2018,12,11,04,54.8,149,Unhealthy for Sensitive Groups,53.0,UG/M3,1 Hr,Valid
Phora Durbar Kathmandu,PM2.5 - Principal,2018-12-11 05:00 AM,2018,12,11,05,59.4,153,Unhealthy,64.0,UG/M3,1 Hr,Valid
Phora Durbar Kathmandu,PM2.5 - Principal,2018-12-11 06:00 AM,2018,12,11,06,61.2,154,Unhealthy,63.0,UG/M3,1 Hr,Valid
Phora Durbar Kathmandu,PM2.5 - Principal,2018-12-11 07:00 AM,2018,12,11,07,74.6,161,Unhealthy,88.0,UG/M3,1 Hr,Valid
Phora Durbar Kathmandu,PM2.5 - Principal,2018-12-11 08:00 AM,2018,12,11,08,94.2,171,Unhealthy,114.0,UG/M3,1 Hr,Valid
Phora Durbar Kathmandu,PM2.5 - Principal,2018-12-11 09:00 AM,2018,12,11,09,110.6,179,Unhealthy,127.0,UG/M3,1 Hr,Valid
Phora Durbar Kathmandu,PM2.5 - Principal,2018-12-11 10:00 AM,2018,12,11,10,110.8,180,Unhealthy,111.0,UG/M3,1 Hr,Valid
Phora Durbar Kathmandu,PM2.5 - Principal,2018-12-11 11:00 AM,2018,12,11,11,95.4,172,Unhealthy,80.0,UG/M3,1 Hr,Valid
Phora Durbar Kathmandu,PM2.5 - Principal,2018-12-11 12:00 PM,2018,12,11,12,72.2,160,Unhealthy,49.0,UG/M3,1 Hr,Valid
Phora Durbar Kathmandu,PM2.5 - Principal,2018-12-11 01:00 PM,2018,12,11,13,48.6,133,Unhealthy for Sensitive Groups,25.0,UG/M3,1 Hr,Valid
Phora Durbar Kathmandu,PM2.5 - Principal,2018-12-11 02:00 PM,2018,12,11,14,37.2,105,Unhealthy for Sensitive Groups,26.0,UG/M3,1 Hr,Valid
Phora Durbar Kathmandu,PM2.5 - Principal,2018-12-11 03:00 PM,2018,12,11,15,33.6,96,Moderate,30.0,UG/M3,1 Hr,Valid
Phora Durbar Kathmandu,PM2.5 - Principal,2018-12-11 04:00 PM,2018,12,11,16,35.3,100,Moderate,37.0,UG/M3,1 Hr,Valid
Phora Durbar Kathmandu,PM2.5 - Principal,2018-12-11 05:00 PM,2018,12,11,17,33.6,96,Moderate,32.0,UG/M3,1 Hr,Valid
Phora Durbar Kathmandu,PM2.5 - Principal,2018-12-11 06:00 PM,2018,12,11,18,46.3,128,Unhealthy for Sensitive Groups,59.0,UG/M3,1 Hr,Valid
Phora Durbar Kathmandu,PM2.5 - Principal,2018-12-11 07:00 PM,2018,12,11,19,83.1,165,Unhealthy,120.0,UG/M3,1 Hr,Valid
Phora Durbar Kathmandu,PM2.5 - Principal,2018-12-11 08:00 PM,2018,12,11,20,101.0,174,Unhealthy,119.0,UG/M3,1 Hr,Valid
Phora Durbar Kathmandu,PM2.5 - Principal,2018-12-11 09:00 PM,2018,12,11,21,109.5,179,Unhealthy,118.0,UG/M3,1 Hr,Valid
Phora Durbar Kathmandu,PM2.5 - Principal,2018-12-11 10:00 PM,2018,12,11,22,95.2,171,Unhealthy,81.0,UG/M3,1 Hr,Valid
Phora Durbar Kathmandu,PM2.5 - Principal,2018-12-11 11:00 PM,2018,12,11,23,92.6,170,Unhealthy,90.0,UG/M3,1 Hr,Valid
Phora Durbar Kathmandu,PM2.5 - Principal,2018-12-12 12:00 AM,2018,12,12,00,89.8,169,Unhealthy,87.0,UG/M3,1 Hr,Valid
Phora Durbar Kathmandu,PM2.5 - Principal,2018-12-12 01:00 AM,2018,12,12,01,85.4,166,Unhealthy,81.0,UG/M3,1 Hr,Valid
Phora Durbar Kathmandu,PM2.5 - Principal,2018-12-12 02:00 AM,2018,12,12,02,76.2,162,Unhealthy,67.0,UG/M3,1 Hr,Valid
Phora Durbar Kathmandu,PM2.5 - Principal,2018-12-12 03:00 AM,2018,12,12,03,67.6,157,Unhealthy,59.0,UG/M3,1 Hr,Valid
Phora Durbar Kathmandu,PM2.5 - Principal,2018-12-12 04:00 AM,2018,12,12,04,60.3,153,Unhealthy,53.0,UG/M3,1 Hr,Valid
Phora Durbar Kathmandu,PM2.5 - Principal,2018-12-12 05:00 AM,2018,12,12,05,70.6,159,Unhealthy,81.0,UG/M3,1 Hr,Valid
Phora Durbar Kathmandu,PM2.5 - Principal,2018-12-12 06:00 AM,2018,12,12,06,66.3,157,Unhealthy,62.0,UG/M3,1 Hr,Valid
Phora Durbar Kathmandu,PM2.5 - Principal,2018-12-12 07:00 AM,2018,12,12,07,75.1,161,Unhealthy,84.0,UG/M3,1 Hr,Valid
Phora Durbar Kathmandu,PM2.5 - Principal,2018-12-12 08:00 AM,2018,12,12,08,90.0,169,Unhealthy,105.0,UG/M3,1 Hr,Valid
Phora Durbar Kathmandu,PM2.5 - Principal,2018-12-12 09:00 AM,2018,12,12,09,108.5,178,Unhealthy,127.0,UG/M3,1 Hr,Valid
Phora Durbar Kathmandu,PM2.5 - Principal,2018-12-12 10:00 AM,2018,12,12,10,108.5,178,Unhealthy,-999.0,UG/M3,1 Hr,Missing
Phora Durbar Kathmandu,PM2.5 - Principal,2018-12-12 11:00 AM,2018,12,12,11,86.8,167,Unhealthy,76.0,UG/M3,1 Hr,Valid
Phora Durbar Kathmandu,PM2.5 - Principal,2018-12-12 12:00 PM,2018,12,12,12,63.4,155,Unhealthy,46.0,UG/M3,1 Hr,Valid
Phora Durbar Kathmandu,PM2.5 - Principal,2018-12-12 01:00 PM,2018,12,12,13,38.1,107,Unhealthy for Sensitive Groups,16.0,UG/M3,1 Hr,Valid
Phora Durbar Kathmandu,PM2.5 - Principal,2018-12-12 02:00 PM,2018,12,12,14,34.4,98,Moderate,31.0,UG/M3,1 Hr,Valid
Phora Durbar Kathmandu,PM2.5 - Principal,2018-12-12 03:00 PM,2018,12,12,15,30.1,89,Moderate,26.0,UG/M3,1 Hr,Valid
Phora Durbar Kathmandu,PM2.5 - Principal,2018-12-12 04:00 PM,2018,12,12,16,30.5,90,Moderate,31.0,UG/M3,1 Hr,Valid
Phora Durbar Kathmandu,PM2.5 - Principal,2018-12-12 05:00 PM,2018,12,12,17,39.3,110,Unhealthy for Sensitive Groups,48.0,UG/M3,1 Hr,Valid
Phora Durbar Kathmandu,PM2.5 - Principal,2018-12-12 06:00 PM,2018,12,12,18,37.6,106,Unhealthy for Sensitive Groups,36.0,UG/M3,1 Hr,Valid
Phora Durbar Kathmandu,PM2.5 - Principal,2018-12-12 07:00 PM,2018,12,12,19,66.8,157,Unhealthy,96.0,UG/M3,1 Hr,Valid
Phora Durbar Kathmandu,PM2.5 - Principal,2018-12-12 08:00 PM,2018,12,12,20,83.4,165,Unhealthy,100.0,UG/M3,1 Hr,Valid
Phora Durbar Kathmandu,PM2.5 - Principal,2018-12-12 09:00 PM,2018,12,12,21,82.7,165,Unhealthy,82.0,UG/M3,1 Hr,Valid
Phora Durbar Kathmandu,PM2.5 - Principal,2018-12-12 10:00 PM,2018,12,12,22,94.3,171,Unhealthy,106.0,UG/M3,1 Hr,Valid
Phora Durbar Kathmandu,PM2.5 - Principal,2018-12-12 11:00 PM,2018,12,12,23,72.1,160,Unhealthy,50.0,UG/M3,1 Hr,Valid
Phora Durbar Kathmandu,PM2.5 - Principal,2018-12-13 12:00 AM,2018,12,13,00,62.5,155,Unhealthy,53.0,UG/M3,1 Hr,Valid
Phora Durbar Kathmandu,PM2.5 - Principal,2018-12-13 01:00 AM,2018,12,13,01,63.8,155,Unhealthy,65.0,UG/M3,1 Hr,Valid
Phora Durbar Kathmandu,PM2.5 - Principal,2018-12-13 02:00 AM,2018,12,13,02,57.4,152,Unhealthy,51.0,UG/M3,1 Hr,Valid
Phora Durbar Kathmandu,PM2.5 - Principal,2018-12-13 03:00 AM,2018,12,13,03,53.7,146,Unhealthy for Sensitive Groups,50.0,UG/M3,1 Hr,Valid
Phora Durbar Kathmandu,PM2.5 - Principal,2018-12-13 04:00 AM,2018,12,13,04,56.3,151,Unhealthy,59.0,UG/M3,1 Hr,Valid
Phora Durbar Kathmandu,PM2.5 - Principal,2018-12-13 05:00 AM,2018,12,13,05,67.1,157,Unhealthy,78.0,UG/M3,1 Hr,Valid
Phora Durbar Kathmandu,PM2.5 - Principal,2018-12-13 06:00 AM,2018,12,13,06,66.0,156,Unhealthy,65.0,UG/M3,1 Hr,Valid
Phora Durbar Kathmandu,PM2.5 - Principal,2018-12-13 07:00 AM,2018,12,13,07,72.5,160,Unhealthy,79.0,UG/M3,1 Hr,Valid
Phora Durbar Kathmandu,PM2.5 - Principal,2018-12-13 08:00 AM,2018,12,13,08,114.2,181,Unhealthy,156.0,UG/M3,1 Hr,Valid
Phora Durbar Kathmandu,PM2.5 - Principal,2018-12-13 09:00 AM,2018,12,13,09,127.1,188,Unhealthy,140.0,UG/M3,1 Hr,Valid
Phora Durbar Kathmandu,PM2.5 - Principal,2018-12-13 10:00 AM,2018,12,13,10,98.5,173,Unhealthy,70.0,UG/M3,1 Hr,Valid
Phora Durbar Kathmandu,PM2.5 - Principal,2018-12-13 11:00 AM,2018,12,13,11,93.2,170,Unhealthy,88.0,UG/M3,1 Hr,Valid
Phora Durbar Kathmandu,PM2.5 - Principal,2018-12-13 12:00 PM,2018,12,13,12,64.6,156,Unhealthy,36.0,UG/M3,1 Hr,Valid
Phora Durbar Kathmandu,PM2.5 - Principal,2018-12-13 01:00 PM,2018,12,13,13,40.8,114,Unhealthy for Sensitive Groups,17.0,UG/M3,1 Hr,Valid
Phora Durbar Kathmandu,PM2.5 - Principal,2018-12-13 02:00 PM,2018,12,13,14,35.9,102,Unhealthy for Sensitive Groups,31.0,UG/M3,1 Hr,Valid
Phora Durbar Kathmandu,PM2.5 - Principal,2018-12-13 03:00 PM,2018,12,13,15,41.9,117,Unhealthy for Sensitive Groups,48.0,UG/M3,1 Hr,Valid
Phora Durbar Kathmandu,PM2.5 - Principal,2018-12-13 04:00 PM,2018,12,13,16,39.9,112,Unhealthy for Sensitive Groups,38.0,UG/M3,1 Hr,Valid
Phora Durbar Kathmandu,PM2.5 - Principal,2018-12-13 05:00 PM,2018,12,13,17,37.9,107,Unhealthy for Sensitive Groups,36.0,UG/M3,1 Hr,Valid
Phora Durbar Kathmandu,PM2.5 - Principal,2018-12-13 06:00 PM,2018,12,13,18,49.4,135,Unhealthy for Sensitive Groups,61.0,UG/M3,1 Hr,Valid
Phora Durbar Kathmandu,PM2.5 - Principal,2018-12-13 07:00 PM,2018,12,13,19,75.7,161,Unhealthy,102.0,UG/M3,1 Hr,Valid
Phora Durbar Kathmandu,PM2.5 - Principal,2018-12-13 08:00 PM,2018,12,13,20,112.3,180,Unhealthy,149.0,UG/M3,1 Hr,Valid
Phora Durbar Kathmandu,PM2.5 - Principal,2018-12-13 09:00 PM,2018,12,13,21,157.1,208,Very Unhealthy,202.0,UG/M3,1 Hr,Valid
Phora Durbar Kathmandu,PM2.5 - Principal,2018-12-13 10:00 PM,2018,12,13,22,173.1,223,Very Unhealthy,189.0,UG/M3,1 Hr,Valid
Phora Durbar Kathmandu,PM2.5 - Principal,2018-12-13 11:00 PM,2018,12,13,23,156.0,206,Very Unhealthy,139.0,UG/M3,1 Hr,Valid
Phora Durbar Kathmandu,PM2.5 - Principal,2018-12-14 12:00 AM,2018,12,14,00,138.0,194,Unhealthy,120.0,UG/M3,1 Hr,Valid
Phora Durbar Kathmandu,PM2.5 - Principal,2018-12-14 01:00 AM,2018,12,14,01,138.0,194,Unhealthy,322.0,UG/M3,1 Hr,Invalid
Phora Durbar Kathmandu,PM2.5 - Principal,2018-12-14 02:00 AM,2018,12,14,02,96.0,172,Unhealthy,75.0,UG/M3,1 Hr,Valid
Phora Durbar Kathmandu,PM2.5 - Principal,2018-12-14 03:00 AM,2018,12,14,03,81.1,164,Unhealthy,70.0,UG/M3,1 Hr,Valid
Phora Durbar Kathmandu,PM2.5 - Principal,2018-12-14 04:00 AM,2018,12,14,04,74.1,161,Unhealthy,68.0,UG/M3,1 Hr,Valid
Phora Durbar Kathmandu,PM2.5 - Principal,2018-12-14 05:00 AM,2018,12,14,05,66.8,157,Unhealthy,60.0,UG/M3,1 Hr,Valid
Phora Durbar Kathmandu,PM2.5 - Principal,2018-12-14 06:00 AM,2018,12,14,06,67.9,157,Unhealthy,69.0,UG/M3,1 Hr,Valid
Phora Durbar Kathmandu,PM2.5 - Principal,2018-12-14 07:00 AM,2018,12,14,07,86.6,167,Unhealthy,105.0,UG/M3,1 Hr,Valid
Phora Durbar Kathmandu,PM2.5 - Principal,2018-12-14 08:00 AM,2018,12,14,08,158.5,209,Very Unhealthy,230.0,UG/M3,1 Hr,Valid
Phora Durbar Kathmandu,PM2.5 - Principal,2018-12-14 09:00 AM,2018,12,14,09,136.7,193,Unhealthy,115.0,UG/M3,1 Hr,Valid
Phora Durbar Kathmandu,PM2.5 - Principal,2018-12-14 10:00 AM,2018,12,14,10,120.8,185,Unhealthy,105.0,UG/M3,1 Hr,Valid
Phora Durbar Kathmandu,PM2.5 - Principal,2018-12-14 11:00 AM,2018,12,14,11,104.4,176,Unhealthy,88.0,UG/M3,1 Hr,Valid
Phora Durbar Kathmandu,PM2.5 - Principal,2018-12-14 12:00 PM,2018,12,14,12,77.6,162,Unhealthy,51.0,UG/M3,1 Hr,Valid
Phora Durbar Kathmandu,PM2.5 - Principal,2018-12-14 01:00 PM,2018,12,14,13,66.3,157,Unhealthy,55.0,UG/M3,1 Hr,Valid
Phora Durbar Kathmandu,PM2.5 - Principal,2018-12-14 02:00 PM,2018,12,14,14,45.6,126,Unhealthy for Sensitive Groups,25.0,UG/M3,1 Hr,Valid
Phora Durbar Kathmandu,PM2.5 - Principal,2018-12-14 03:00 PM,2018,12,14,15,31.8,92,Moderate,18.0,UG/M3,1 Hr,Valid
Phora Durbar Kathmandu,PM2.5 - Principal,2018-12-14 04:00 PM,2018,12,14,16,30.9,91,Moderate,30.0,UG/M3,1 Hr,Valid
Phora Durbar Kathmandu,PM2.5 - Principal,2018-12-14 05:00 PM,2018,12,14,17,31.4,92,Moderate,32.0,UG/M3,1 Hr,Valid
Phora Durbar Kathmandu,PM2.5 - Principal,2018-12-14 06:00 PM,2018,12,14,18,44.2,122,Unhealthy for Sensitive Groups,57.0,UG/M3,1 Hr,Valid
Phora Durbar Kathmandu,PM2.5 - Principal,2018-12-14 07:00 PM,2018,12,14,19,63.6,155,Unhealthy,83.0,UG/M3,1 Hr,Valid
Phora Durbar Kathmandu,PM2.5 - Principal,2018-12-14 08:00 PM,2018,12,14,20,103.2,176,Unhealthy,143.0,UG/M3,1 Hr,Valid
Phora Durbar Kathmandu,PM2.5 - Principal,2018-12-14 09:00 PM,2018,12,14,21,145.1,197,Unhealthy,187.0,UG/M3,1 Hr,Valid
Phora Durbar Kathmandu,PM2.5 - Principal,2018-12-14 10:00 PM,2018,12,14,22,149.5,200,Unhealthy,154.0,UG/M3,1 Hr,Valid
Phora Durbar Kathmandu,PM2.5 - Principal,2018-12-14 11:00 PM,2018,12,14,23,144.7,197,Unhealthy,140.0,UG/M3,1 Hr,Valid
Phora Durbar Kathmandu,PM2.5 - Principal,2018-12-15 12:00 AM,2018,12,15,00,130.9,190,Unhealthy,117.0,UG/M3,1 Hr,Valid
Phora Durbar Kathmandu,PM2.5 - Principal,2018-12-15 01:00 AM,2018,12,15,01,118.4,183,Unhealthy,106.0,UG/M3,1 Hr,Valid
Phora Durbar Kathmandu,PM2.5 - Principal,2018-12-15 02:00 AM,2018,12,15,02,105.2,177,Unhealthy,92.0,UG/M3,1 Hr,Valid
Phora Durbar Kathmandu,PM2.5 - Principal,2018-12-15 03:00 AM,2018,12,15,03,99.1,174,Unhealthy,93.0,UG/M3,1 Hr,Valid
Phora Durbar Kathmandu,PM2.5 - Principal,2018-12-15 04:00 AM,2018,12,15,04,93.0,170,Unhealthy,87.0,UG/M3,1 Hr,Valid
Phora Durbar Kathmandu,PM2.5 - Principal,2018-12-15 05:00 AM,2018,12,15,05,82.0,165,Unhealthy,71.0,UG/M3,1 Hr,Valid
Phora Durbar Kathmandu,PM2.5 - Principal,2018-12-15 06:00 AM,2018,12,15,06,75.0,161,Unhealthy,68.0,UG/M3,1 Hr,Valid
Phora Durbar Kathmandu,PM2.5 - Principal,2018-12-15 07:00 AM,2018,12,15,07,81.5,164,Unhealthy,88.0,UG/M3,1 Hr,Valid
Phora Durbar Kathmandu,PM2.5 - Principal,2018-12-15 08:00 AM,2018,12,15,08,108.7,178,Unhealthy,136.0,UG/M3,1 Hr,Valid
Phora Durbar Kathmandu,PM2.5 - Principal,2018-12-15 09:00 AM,2018,12,15,09,115.8,182,Unhealthy,123.0,UG/M3,1 Hr,Valid
Phora Durbar Kathmandu,PM2.5 - Principal,2018-12-15 10:00 AM,2018,12,15,10,121.9,185,Unhealthy,128.0,UG/M3,1 Hr,Valid
Phora Durbar Kathmandu,PM2.5 - Principal,2018-12-15 11:00 AM,2018,12,15,11,103.4,176,Unhealthy,85.0,UG/M3,1 Hr,Valid
Phora Durbar Kathmandu,PM2.5 - Principal,2018-12-15 12:00 PM,2018,12,15,12,86.2,167,Unhealthy,69.0,UG/M3,1 Hr,Valid
Phora Durbar Kathmandu,PM2.5 - Principal,2018-12-15 01:00 PM,2018,12,15,13,68.1,158,Unhealthy,50.0,UG/M3,1 Hr,Valid
Phora Durbar Kathmandu,PM2.5 - Principal,2018-12-15 02:00 PM,2018,12,15,14,52.5,143,Unhealthy for Sensitive Groups,37.0,UG/M3,1 Hr,Valid
Phora Durbar Kathmandu,PM2.5 - Principal,2018-12-15 03:00 PM,2018,12,15,15,44.2,122,Unhealthy for Sensitive Groups,36.0,UG/M3,1 Hr,Valid
Phora Durbar Kathmandu,PM2.5 - Principal,2018-12-15 04:00 PM,2018,12,15,16,35.6,101,Unhealthy for Sensitive Groups,27.0,UG/M3,1 Hr,Valid
Phora Durbar Kathmandu,PM2.5 - Principal,2018-12-15 05:00 PM,2018,12,15,17,31.8,92,Moderate,28.0,UG/M3,1 Hr,Valid
Phora Durbar Kathmandu,PM2.5 - Principal,2018-12-15 06:00 PM,2018,12,15,18,51.9,141,Unhealthy for Sensitive Groups,72.0,UG/M3,1 Hr,Valid
Phora Durbar Kathmandu,PM2.5 - Principal,2018-12-15 07:00 PM,2018,12,15,19,70.4,159,Unhealthy,89.0,UG/M3,1 Hr,Valid
Phora Durbar Kathmandu,PM2.5 - Principal,2018-12-15 08:00 PM,2018,12,15,20,117.2,183,Unhealthy,164.0,UG/M3,1 Hr,Valid
Phora Durbar Kathmandu,PM2.5 - Principal,2018-12-15 09:00 PM,2018,12,15,21,151.6,202,Very Unhealthy,186.0,UG/M3,1 Hr,Valid
Phora Durbar Kathmandu,PM2.5 - Principal,2018-12-15 10:00 PM,2018,12,15,22,152.8,203,Very Unhealthy,154.0,UG/M3,1 Hr,Valid
Phora Durbar Kathmandu,PM2.5 - Principal,2018-12-15 11:00 PM,2018,12,15,23,143.9,197,Unhealthy,135.0,UG/M3,1 Hr,Valid
Phora Durbar Kathmandu,PM2.5 - Principal,2018-12-16 12:00 AM,2018,12,16,00,129.9,189,Unhealthy,116.0,UG/M3,1 Hr,Valid
Phora Durbar Kathmandu,PM2.5 - Principal,2018-12-16 01:00 AM,2018,12,16,01,108.4,178,Unhealthy,87.0,UG/M3,1 Hr,Valid
Phora Durbar Kathmandu,PM2.5 - Principal,2018-12-16 02:00 AM,2018,12,16,02,91.2,169,Unhealthy,74.0,UG/M3,1 Hr,Valid
Phora Durbar Kathmandu,PM2.5 - Principal,2018-12-16 03:00 AM,2018,12,16,03,80.1,164,Unhealthy,69.0,UG/M3,1 Hr,Valid
Phora Durbar Kathmandu,PM2.5 - Principal,2018-12-16 04:00 AM,2018,12,16,04,73.5,160,Unhealthy,67.0,UG/M3,1 Hr,Valid
Phora Durbar Kathmandu,PM2.5 - Principal,2018-12-16 05:00 AM,2018,12,16,05,72.7,160,Unhealthy,72.0,UG/M3,1 Hr,Valid
Phora Durbar Kathmandu,PM2.5 - Principal,2018-12-16 06:00 AM,2018,12,16,06,70.3,159,Unhealthy,68.0,UG/M3,1 Hr,Valid
Phora Durbar Kathmandu,PM2.5 - Principal,2018-12-16 07:00 AM,2018,12,16,07,80.1,164,Unhealthy,90.0,UG/M3,1 Hr,Valid
Phora Durbar Kathmandu,PM2.5 - Principal,2018-12-16 08:00 AM,2018,12,16,08,99.5,174,Unhealthy,119.0,UG/M3,1 Hr,Valid
Phora Durbar Kathmandu,PM2.5 - Principal,2018-12-16 09:00 AM,2018,12,16,09,110.7,180,Unhealthy,122.0,UG/M3,1 Hr,Valid
Phora Durbar Kathmandu,PM2.5 - Principal,2018-12-16 10:00 AM,2018,12,16,10,103.3,176,Unhealthy,96.0,UG/M3,1 Hr,Valid
Phora Durbar Kathmandu,PM2.5 - Principal,2018-12-16 11:00 AM,2018,12,16,11,97.4,173,Unhealthy,91.0,UG/M3,1 Hr,Valid
Phora Durbar Kathmandu,PM2.5 - Principal,2018-12-16 12:00 PM,2018,12,16,12,69.0,158,Unhealthy,41.0,UG/M3,1 Hr,Valid
Phora Durbar Kathmandu,PM2.5 - Principal,2018-12-16 01:00 PM,2018,12,16,13,51.0,139,Unhealthy for Sensitive Groups,33.0,UG/M3,1 Hr,Valid
Phora Durbar Kathmandu,PM2.5 - Principal,2018-12-16 02:00 PM,2018,12,16,14,38.5,108,Unhealthy for Sensitive Groups,26.0,UG/M3,1 Hr,Valid
Phora Durbar Kathmandu,PM2.5 - Principal,2018-12-16 03:00 PM,2018,12,16,15,37.2,105,Unhealthy for Sensitive Groups,36.0,UG/M3,1 Hr,Valid
Phora Durbar Kathmandu,PM2.5 - Principal,2018-12-16 04:00 PM,2018,12,16,16,35.6,101,Unhealthy for Sensitive Groups,34.0,UG/M3,1 Hr,Valid
Phora Durbar Kathmandu,PM2.5 - Principal,2018-12-16 05:00 PM,2018,12,16,17,44.8,124,Unhealthy for Sensitive Groups,54.0,UG/M3,1 Hr,Valid
Phora Durbar Kathmandu,PM2.5 - Principal,2018-12-16 06:00 PM,2018,12,16,18,79.4,163,Unhealthy,114.0,UG/M3,1 Hr,Valid
Phora Durbar Kathmandu,PM2.5 - Principal,2018-12-16 07:00 PM,2018,12,16,19,95.7,172,Unhealthy,112.0,UG/M3,1 Hr,Valid
Phora Durbar Kathmandu,PM2.5 - Principal,2018-12-16 08:00 PM,2018,12,16,20,121.8,185,Unhealthy,148.0,UG/M3,1 Hr,Valid
Phora Durbar Kathmandu,PM2.5 - Principal,2018-12-16 09:00 PM,2018,12,16,21,160.4,211,Very Unhealthy,199.0,UG/M3,1 Hr,Valid
Phora Durbar Kathmandu,PM2.5 - Principal,2018-12-16 10:00 PM,2018,12,16,22,163.7,214,Very Unhealthy,167.0,UG/M3,1 Hr,Valid
Phora Durbar Kathmandu,PM2.5 - Principal,2018-12-16 11:00 PM,2018,12,16,23,168.8,219,Very Unhealthy,174.0,UG/M3,1 Hr,Valid
Phora Durbar Kathmandu,PM2.5 - Principal,2018-12-17 12:00 AM,2018,12,17,00,154.4,205,Very Unhealthy,140.0,UG/M3,1 Hr,Valid
Phora Durbar Kathmandu,PM2.5 - Principal,2018-12-17 01:00 AM,2018,12,17,01,133.2,191,Unhealthy,112.0,UG/M3,1 Hr,Valid
Phora Durbar Kathmandu,PM2.5 - Principal,2018-12-17 02:00 AM,2018,12,17,02,111.1,180,Unhealthy,89.0,UG/M3,1 Hr,Valid
Phora Durbar Kathmandu,PM2.5 - Principal,2018-12-17 03:00 AM,2018,12,17,03,87.5,168,Unhealthy,64.0,UG/M3,1 Hr,Valid
Phora Durbar Kathmandu,PM2.5 - Principal,2018-12-17 04:00 AM,2018,12,17,04,84.7,166,Unhealthy,82.0,UG/M3,1 Hr,Valid
Phora Durbar Kathmandu,PM2.5 - Principal,2018-12-17 05:00 AM,2018,12,17,05,92.4,170,Unhealthy,100.0,UG/M3,1 Hr,Valid
Phora Durbar Kathmandu,PM2.5 - Principal,2018-12-17 06:00 AM,2018,12,17,06,103.7,176,Unhealthy,115.0,UG/M3,1 Hr,Valid
Phora Durbar Kathmandu,PM2.5 - Principal,2018-12-17 07:00 AM,2018,12,17,07,108.8,179,Unhealthy,114.0,UG/M3,1 Hr,Valid
Phora Durbar Kathmandu,PM2.5 - Principal,2018-12-17 08:00 AM,2018,12,17,08,124.9,187,Unhealthy,141.0,UG/M3,1 Hr,Valid
Phora Durbar Kathmandu,PM2.5 - Principal,2018-12-17 09:00 AM,2018,12,17,09,137.4,193,Unhealthy,150.0,UG/M3,1 Hr,Valid
Phora Durbar Kathmandu,PM2.5 - Principal,2018-12-17 10:00 AM,2018,12,17,10,169.7,220,Very Unhealthy,202.0,UG/M3,1 Hr,Valid
Phora Durbar Kathmandu,PM2.5 - Principal,2018-12-17 11:00 AM,2018,12,17,11,196.8,247,Very Unhealthy,224.0,UG/M3,1 Hr,Valid
Phora Durbar Kathmandu,PM2.5 - Principal,2018-12-17 12:00 PM,2018,12,17,12,167.9,218,Very Unhealthy,139.0,UG/M3,1 Hr,Valid
Phora Durbar Kathmandu,PM2.5 - Principal,2018-12-17 01:00 PM,2018,12,17,13,142.4,196,Unhealthy,117.0,UG/M3,1 Hr,Valid
Phora Durbar Kathmandu,PM2.5 - Principal,2018-12-17 02:00 PM,2018,12,17,14,133.2,191,Unhealthy,124.0,UG/M3,1 Hr,Valid
Phora Durbar Kathmandu,PM2.5 - Principal,2018-12-17 03:00 PM,2018,12,17,15,120.6,185,Unhealthy,108.0,UG/M3,1 Hr,Valid
Phora Durbar Kathmandu,PM2.5 - Principal,2018-12-17 04:00 PM,2018,12,17,16,119.3,184,Unhealthy,118.0,UG/M3,1 Hr,Valid
Phora Durbar Kathmandu,PM2.5 - Principal,2018-12-17 05:00 PM,2018,12,17,17,167.6,218,Very Unhealthy,216.0,UG/M3,1 Hr,Valid
Phora Durbar Kathmandu,PM2.5 - Principal,2018-12-17 06:00 PM,2018,12,17,18,212.8,263,Very Unhealthy,258.0,UG/M3,1 Hr,Valid
Phora Durbar Kathmandu,PM2.5 - Principal,2018-12-17 07:00 PM,2018,12,17,19,241.9,292,Very Unhealthy,271.0,UG/M3,1 Hr,Valid
Phora Durbar Kathmandu,PM2.5 - Principal,2018-12-17 08:00 PM,2018,12,17,20,277.9,328,Hazardous,314.0,UG/M3,1 Hr,Valid
Phora Durbar Kathmandu,PM2.5 - Principal,2018-12-17 09:00 PM,2018,12,17,21,317.5,367,Hazardous,357.0,UG/M3,1 Hr,Valid
Phora Durbar Kathmandu,PM2.5 - Principal,2018-12-17 10:00 PM,2018,12,17,22,314.2,364,Hazardous,311.0,UG/M3,1 Hr,Valid
Phora Durbar Kathmandu,PM2.5 - Principal,2018-12-17 11:00 PM,2018,12,17,23,291.6,342,Hazardous,269.0,UG/M3,1 Hr,Valid
Phora Durbar Kathmandu,PM2.5 - Principal,2018-12-18 12:00 AM,2018,12,18,00,248.3,298,Very Unhealthy,205.0,UG/M3,1 Hr,Valid
Phora Durbar Kathmandu,PM2.5 - Principal,2018-12-18 01:00 AM,2018,12,18,01,221.1,271,Very Unhealthy,194.0,UG/M3,1 Hr,Valid
Phora Durbar Kathmandu,PM2.5 - Principal,2018-12-18 02:00 AM,2018,12,18,02,200.5,251,Very Unhealthy,180.0,UG/M3,1 Hr,Valid
Phora Durbar Kathmandu,PM2.5 - Principal,2018-12-18 03:00 AM,2018,12,18,03,176.3,227,Very Unhealthy,152.0,UG/M3,1 Hr,Valid
Phora Durbar Kathmandu,PM2.5 - Principal,2018-12-18 04:00 AM,2018,12,18,04,167.6,218,Very Unhealthy,159.0,UG/M3,1 Hr,Valid
Phora Durbar Kathmandu,PM2.5 - Principal,2018-12-18 05:00 AM,2018,12,18,05,166.3,217,Very Unhealthy,165.0,UG/M3,1 Hr,Valid
Phora Durbar Kathmandu,PM2.5 - Principal,2018-12-18 06:00 AM,2018,12,18,06,155.6,206,Very Unhealthy,145.0,UG/M3,1 Hr,Valid
Phora Durbar Kathmandu,PM2.5 - Principal,2018-12-18 07:00 AM,2018,12,18,07,167.3,218,Very Unhealthy,179.0,UG/M3,1 Hr,Valid
Phora Durbar Kathmandu,PM2.5 - Principal,2018-12-18 08:00 AM,2018,12,18,08,171.6,222,Very Unhealthy,176.0,UG/M3,1 Hr,Valid
Phora Durbar Kathmandu,PM2.5 - Principal,2018-12-18 09:00 AM,2018,12,18,09,218.3,268,Very Unhealthy,265.0,UG/M3,1 Hr,Valid
Phora Durbar Kathmandu,PM2.5 - Principal,2018-12-18 10:00 AM,2018,12,18,10,209.6,260,Very Unhealthy,204.0,UG/M3,1 Hr,Valid
Phora Durbar Kathmandu,PM2.5 - Principal,2018-12-18 11:00 AM,2018,12,18,11,182.8,233,Very Unhealthy,151.0,UG/M3,1 Hr,Valid
Phora Durbar Kathmandu,PM2.5 - Principal,2018-12-18 12:00 PM,2018,12,18,12,131.5,190,Unhealthy,82.0,UG/M3,1 Hr,Valid
Phora Durbar Kathmandu,PM2.5 - Principal,2018-12-18 01:00 PM,2018,12,18,13,90.7,169,Unhealthy,50.0,UG/M3,1 Hr,Valid
Phora Durbar Kathmandu,PM2.5 - Principal,2018-12-18 02:00 PM,2018,12,18,14,68.8,158,Unhealthy,47.0,UG/M3,1 Hr,Valid
Phora Durbar Kathmandu,PM2.5 - Principal,2018-12-18 03:00 PM,2018,12,18,15,51.4,140,Unhealthy for Sensitive Groups,34.0,UG/M3,1 Hr,Valid
Phora Durbar Kathmandu,PM2.5 - Principal,2018-12-18 04:00 PM,2018,12,18,16,43.1,120,Unhealthy for Sensitive Groups,35.0,UG/M3,1 Hr,Valid
Phora Durbar Kathmandu,PM2.5 - Principal,2018-12-18 05:00 PM,2018,12,18,17,49.0,134,Unhealthy for Sensitive Groups,55.0,UG/M3,1 Hr,Valid
Phora Durbar Kathmandu,PM2.5 - Principal,2018-12-18 06:00 PM,2018,12,18,18,56.5,152,Unhealthy,64.0,UG/M3,1 Hr,Valid
Phora Durbar Kathmandu,PM2.5 - Principal,2018-12-18 07:00 PM,2018,12,18,19,68.7,158,Unhealthy,81.0,UG/M3,1 Hr,Valid
Phora Durbar Kathmandu,PM2.5 - Principal,2018-12-18 08:00 PM,2018,12,18,20,72.8,160,Unhealthy,77.0,UG/M3,1 Hr,Valid
Phora Durbar Kathmandu,PM2.5 - Principal,2018-12-18 09:00 PM,2018,12,18,21,76.9,162,Unhealthy,81.0,UG/M3,1 Hr,Valid
Phora Durbar Kathmandu,PM2.5 - Principal,2018-12-18 10:00 PM,2018,12,18,22,91.9,170,Unhealthy,107.0,UG/M3,1 Hr,Valid
Phora Durbar Kathmandu,PM2.5 - Principal,2018-12-18 11:00 PM,2018,12,18,23,84.9,166,Unhealthy,78.0,UG/M3,1 Hr,Valid
Phora Durbar Kathmandu,PM2.5 - Principal,2018-12-19 12:00 AM,2018,12,19,00,75.9,162,Unhealthy,67.0,UG/M3,1 Hr,Valid
Phora Durbar Kathmandu,PM2.5 - Principal,2018-12-19 01:00 AM,2018,12,19,01,77.4,162,Unhealthy,79.0,UG/M3,1 Hr,Valid
Phora Durbar Kathmandu,PM2.5 - Principal,2018-12-19 02:00 AM,2018,12,19,02,76.2,162,Unhealthy,75.0,UG/M3,1 Hr,Valid
Phora Durbar Kathmandu,PM2.5 - Principal,2018-12-19 03:00 AM,2018,12,19,03,81.1,164,Unhealthy,86.0,UG/M3,1 Hr,Valid
Phora Durbar Kathmandu,PM2.5 - Principal,2018-12-19 04:00 AM,2018,12,19,04,81.0,164,Unhealthy,81.0,UG/M3,1 Hr,Valid
Phora Durbar Kathmandu,PM2.5 - Principal,2018-12-19 05:00 AM,2018,12,19,05,81.6,164,Unhealthy,83.0,UG/M3,1 Hr,Valid
Phora Durbar Kathmandu,PM2.5 - Principal,2018-12-19 06:00 AM,2018,12,19,06,93.3,171,Unhealthy,111.0,UG/M3,1 Hr,Valid
Phora Durbar Kathmandu,PM2.5 - Principal,2018-12-19 07:00 AM,2018,12,19,07,123.2,186,Unhealthy,150.0,UG/M3,1 Hr,Valid
Phora Durbar Kathmandu,PM2.5 - Principal,2018-12-19 08:00 AM,2018,12,19,08,149.6,200,Unhealthy,176.0,UG/M3,1 Hr,Valid
Phora Durbar Kathmandu,PM2.5 - Principal,2018-12-19 09:00 AM,2018,12,19,09,159.8,210,Very Unhealthy,170.0,UG/M3,1 Hr,Valid
Phora Durbar Kathmandu,PM2.5 - Principal,2018-12-19 10:00 AM,2018,12,19,10,175.4,226,Very Unhealthy,191.0,UG/M3,1 Hr,Valid
Phora Durbar Kathmandu,PM2.5 - Principal,2018-12-19 11:00 AM,2018,12,19,11,152.7,203,Very Unhealthy,130.0,UG/M3,1 Hr,Valid
Phora Durbar Kathmandu,PM2.5 - Principal,2018-12-19 12:00 PM,2018,12,19,12,125.8,187,Unhealthy,99.0,UG/M3,1 Hr,Valid
Phora Durbar Kathmandu,PM2.5 - Principal,2018-12-19 01:00 PM,2018,12,19,13,93.9,171,Unhealthy,62.0,UG/M3,1 Hr,Valid
Phora Durbar Kathmandu,PM2.5 - Principal,2018-12-19 02:00 PM,2018,12,19,14,78.9,163,Unhealthy,64.0,UG/M3,1 Hr,Valid
Phora Durbar Kathmandu,PM2.5 - Principal,2018-12-19 03:00 PM,2018,12,19,15,73.4,160,Unhealthy,68.0,UG/M3,1 Hr,Valid
Phora Durbar Kathmandu,PM2.5 - Principal,2018-12-19 04:00 PM,2018,12,19,16,69.2,158,Unhealthy,65.0,UG/M3,1 Hr,Valid
Phora Durbar Kathmandu,PM2.5 - Principal,2018-12-19 05:00 PM,2018,12,19,17,75.1,161,Unhealthy,81.0,UG/M3,1 Hr,Valid
Phora Durbar Kathmandu,PM2.5 - Principal,2018-12-19 06:00 PM,2018,12,19,18,85.5,166,Unhealthy,96.0,UG/M3,1 Hr,Valid
Phora Durbar Kathmandu,PM2.5 - Principal,2018-12-19 07:00 PM,2018,12,19,19,111.7,180,Unhealthy,138.0,UG/M3,1 Hr,Valid
Phora Durbar Kathmandu,PM2.5 - Principal,2018-12-19 08:00 PM,2018,12,19,20,142.8,196,Unhealthy,174.0,UG/M3,1 Hr,Valid
Phora Durbar Kathmandu,PM2.5 - Principal,2018-12-19 09:00 PM,2018,12,19,21,182.4,233,Very Unhealthy,222.0,UG/M3,1 Hr,Valid
Phora Durbar Kathmandu,PM2.5 - Principal,2018-12-19 10:00 PM,2018,12,19,22,195.7,246,Very Unhealthy,209.0,UG/M3,1 Hr,Valid
Phora Durbar Kathmandu,PM2.5 - Principal,2018-12-19 11:00 PM,2018,12,19,23,189.3,239,Very Unhealthy,183.0,UG/M3,1 Hr,Valid
Phora Durbar Kathmandu,PM2.5 - Principal,2018-12-20 12:00 AM,2018,12,20,00,181.1,231,Very Unhealthy,173.0,UG/M3,1 Hr,Valid
Phora Durbar Kathmandu,PM2.5 - Principal,2018-12-20 01:00 AM,2018,12,20,01,169.1,219,Very Unhealthy,157.0,UG/M3,1 Hr,Valid
Phora Durbar Kathmandu,PM2.5 - Principal,2018-12-20 02:00 AM,2018,12,20,02,143.0,196,Unhealthy,117.0,UG/M3,1 Hr,Valid
Phora Durbar Kathmandu,PM2.5 - Principal,2018-12-20 03:00 AM,2018,12,20,03,128.5,189,Unhealthy,114.0,UG/M3,1 Hr,Valid
Phora Durbar Kathmandu,PM2.5 - Principal,2018-12-20 04:00 AM,2018,12,20,04,119.7,184,Unhealthy,111.0,UG/M3,1 Hr,Valid
Phora Durbar Kathmandu,PM2.5 - Principal,2018-12-20 05:00 AM,2018,12,20,05,113.3,181,Unhealthy,107.0,UG/M3,1 Hr,Valid
Phora Durbar Kathmandu,PM2.5 - Principal,2018-12-20 06:00 AM,2018,12,20,06,109.6,179,Unhealthy,106.0,UG/M3,1 Hr,Valid
Phora Durbar Kathmandu,PM2.5 - Principal,2018-12-20 07:00 AM,2018,12,20,07,126.3,188,Unhealthy,143.0,UG/M3,1 Hr,Valid
Phora Durbar Kathmandu,PM2.5 - Principal,2018-12-20 08:00 AM,2018,12,20,08,137.6,193,Unhealthy,149.0,UG/M3,1 Hr,Valid
Phora Durbar Kathmandu,PM2.5 - Principal,2018-12-20 09:00 AM,2018,12,20,09,164.8,215,Very Unhealthy,193.0,UG/M3,1 Hr,Valid
Phora Durbar Kathmandu,PM2.5 - Principal,2018-12-20 10:00 AM,2018,12,20,10,186.5,237,Very Unhealthy,209.0,UG/M3,1 Hr,Valid
Phora Durbar Kathmandu,PM2.5 - Principal,2018-12-20 11:00 AM,2018,12,20,11,200.5,251,Very Unhealthy,214.0,UG/M3,1 Hr,Valid
Phora Durbar Kathmandu,PM2.5 - Principal,2018-12-20 12:00 PM,2018,12,20,12,173.7,224,Very Unhealthy,147.0,UG/M3,1 Hr,Valid
Phora Durbar Kathmandu,PM2.5 - Principal,2018-12-20 01:00 PM,2018,12,20,13,149.8,200,Unhealthy,126.0,UG/M3,1 Hr,Valid
Phora Durbar Kathmandu,PM2.5 - Principal,2018-12-20 02:00 PM,2018,12,20,14,102.9,175,Unhealthy,56.0,UG/M3,1 Hr,Valid
Phora Durbar Kathmandu,PM2.5 - Principal,2018-12-20 03:00 PM,2018,12,20,15,82.9,165,Unhealthy,63.0,UG/M3,1 Hr,Valid
Phora Durbar Kathmandu,PM2.5 - Principal,2018-12-20 04:00 PM,2018,12,20,16,76.4,162,Unhealthy,70.0,UG/M3,1 Hr,Valid
Phora Durbar Kathmandu,PM2.5 - Principal,2018-12-20 05:00 PM,2018,12,20,17,77.7,162,Unhealthy,79.0,UG/M3,1 Hr,Valid
Phora Durbar Kathmandu,PM2.5 - Principal,2018-12-20 06:00 PM,2018,12,20,18,97.8,173,Unhealthy,118.0,UG/M3,1 Hr,Valid
Phora Durbar Kathmandu,PM2.5 - Principal,2018-12-20 07:00 PM,2018,12,20,19,115.9,182,Unhealthy,134.0,UG/M3,1 Hr,Valid
Phora Durbar Kathmandu,PM2.5 - Principal,2018-12-20 08:00 PM,2018,12,20,20,137.9,194,Unhealthy,160.0,UG/M3,1 Hr,Valid
Phora Durbar Kathmandu,PM2.5 - Principal,2018-12-20 09:00 PM,2018,12,20,21,139.9,195,Unhealthy,142.0,UG/M3,1 Hr,Valid
Phora Durbar Kathmandu,PM2.5 - Principal,2018-12-20 10:00 PM,2018,12,20,22,159.9,210,Very Unhealthy,180.0,UG/M3,1 Hr,Valid
Phora Durbar Kathmandu,PM2.5 - Principal,2018-12-20 11:00 PM,2018,12,20,23,162.4,213,Very Unhealthy,165.0,UG/M3,1 Hr,Valid
Phora Durbar Kathmandu,PM2.5 - Principal,2018-12-21 12:00 AM,2018,12,21,00,148.2,199,Unhealthy,134.0,UG/M3,1 Hr,Valid
Phora Durbar Kathmandu,PM2.5 - Principal,2018-12-21 01:00 AM,2018,12,21,01,137.1,193,Unhealthy,126.0,UG/M3,1 Hr,Valid
Phora Durbar Kathmandu,PM2.5 - Principal,2018-12-21 02:00 AM,2018,12,21,02,125.5,187,Unhealthy,114.0,UG/M3,1 Hr,Valid
Phora Durbar Kathmandu,PM2.5 - Principal,2018-12-21 03:00 AM,2018,12,21,03,119.7,184,Unhealthy,114.0,UG/M3,1 Hr,Valid
Phora Durbar Kathmandu,PM2.5 - Principal,2018-12-21 04:00 AM,2018,12,21,04,108.3,178,Unhealthy,97.0,UG/M3,1 Hr,Valid
Phora Durbar Kathmandu,PM2.5 - Principal,2018-12-21 05:00 AM,2018,12,21,05,99.2,174,Unhealthy,90.0,UG/M3,1 Hr,Valid
Phora Durbar Kathmandu,PM2.5 - Principal,2018-12-21 06:00 AM,2018,12,21,06,103.0,176,Unhealthy,107.0,UG/M3,1 Hr,Valid
Phora Durbar Kathmandu,PM2.5 - Principal,2018-12-21 07:00 AM,2018,12,21,07,106.5,177,Unhealthy,110.0,UG/M3,1 Hr,Valid
Phora Durbar Kathmandu,PM2.5 - Principal,2018-12-21 08:00 AM,2018,12,21,08,108.7,178,Unhealthy,111.0,UG/M3,1 Hr,Valid
Phora Durbar Kathmandu,PM2.5 - Principal,2018-12-21 09:00 AM,2018,12,21,09,117.3,183,Unhealthy,126.0,UG/M3,1 Hr,Valid
Phora Durbar Kathmandu,PM2.5 - Principal,2018-12-21 10:00 AM,2018,12,21,10,110.3,179,Unhealthy,103.0,UG/M3,1 Hr,Valid
Phora Durbar Kathmandu,PM2.5 - Principal,2018-12-21 11:00 AM,2018,12,21,11,95.4,172,Unhealthy,76.0,UG/M3,1 Hr,Valid
Phora Durbar Kathmandu,PM2.5 - Principal,2018-12-21 12:00 PM,2018,12,21,12,83.8,166,Unhealthy,70.0,UG/M3,1 Hr,Valid
Phora Durbar Kathmandu,PM2.5 - Principal,2018-12-21 01:00 PM,2018,12,21,13,80.3,164,Unhealthy,76.0,UG/M3,1 Hr,Valid
Phora Durbar Kathmandu,PM2.5 - Principal,2018-12-21 02:00 PM,2018,12,21,14,80.1,164,Unhealthy,80.0,UG/M3,1 Hr,Valid
Phora Durbar Kathmandu,PM2.5 - Principal,2018-12-21 03:00 PM,2018,12,21,15,82.3,165,Unhealthy,85.0,UG/M3,1 Hr,Valid
Phora Durbar Kathmandu,PM2.5 - Principal,2018-12-21 04:00 PM,2018,12,21,16,80.3,164,Unhealthy,78.0,UG/M3,1 Hr,Valid
Phora Durbar Kathmandu,PM2.5 - Principal,2018-12-21 05:00 PM,2018,12,21,17,79.7,163,Unhealthy,79.0,UG/M3,1 Hr,Valid
Phora Durbar Kathmandu,PM2.5 - Principal,2018-12-21 06:00 PM,2018,12,21,18,86.9,167,Unhealthy,96.0,UG/M3,1 Hr,Valid
Phora Durbar Kathmandu,PM2.5 - Principal,2018-12-21 07:00 PM,2018,12,21,19,108.9,179,Unhealthy,133.0,UG/M3,1 Hr,Valid
Phora Durbar Kathmandu,PM2.5 - Principal,2018-12-21 08:00 PM,2018,12,21,20,125.1,187,Unhealthy,140.0,UG/M3,1 Hr,Valid
Phora Durbar Kathmandu,PM2.5 - Principal,2018-12-21 09:00 PM,2018,12,21,21,140.1,195,Unhealthy,155.0,UG/M3,1 Hr,Valid
Phora Durbar Kathmandu,PM2.5 - Principal,2018-12-21 10:00 PM,2018,12,21,22,145.0,197,Unhealthy,150.0,UG/M3,1 Hr,Valid
Phora Durbar Kathmandu,PM2.5 - Principal,2018-12-21 11:00 PM,2018,12,21,23,142.0,196,Unhealthy,139.0,UG/M3,1 Hr,Valid
Phora Durbar Kathmandu,PM2.5 - Principal,2018-12-22 12:00 AM,2018,12,22,00,122.0,185,Unhealthy,102.0,UG/M3,1 Hr,Valid
Phora Durbar Kathmandu,PM2.5 - Principal,2018-12-22 01:00 AM,2018,12,22,01,112.6,180,Unhealthy,103.0,UG/M3,1 Hr,Valid
Phora Durbar Kathmandu,PM2.5 - Principal,2018-12-22 02:00 AM,2018,12,22,02,110.3,179,Unhealthy,108.0,UG/M3,1 Hr,Valid
Phora Durbar Kathmandu,PM2.5 - Principal,2018-12-22 03:00 AM,2018,12,22,03,115.6,182,Unhealthy,121.0,UG/M3,1 Hr,Valid
Phora Durbar Kathmandu,PM2.5 - Principal,2018-12-22 04:00 AM,2018,12,22,04,118.2,183,Unhealthy,121.0,UG/M3,1 Hr,Valid
Phora Durbar Kathmandu,PM2.5 - Principal,2018-12-22 05:00 AM,2018,12,22,05,113.5,181,Unhealthy,106.0,UG/M3,1 Hr,Valid
Phora Durbar Kathmandu,PM2.5 - Principal,2018-12-22 06:00 AM,2018,12,22,06,116.5,182,Unhealthy,121.0,UG/M3,1 Hr,Valid
Phora Durbar Kathmandu,PM2.5 - Principal,2018-12-22 07:00 AM,2018,12,22,07,121.1,185,Unhealthy,130.0,UG/M3,1 Hr,Valid
Phora Durbar Kathmandu,PM2.5 - Principal,2018-12-22 08:00 AM,2018,12,22,08,125.8,187,Unhealthy,135.0,UG/M3,1 Hr,Valid
Phora Durbar Kathmandu,PM2.5 - Principal,2018-12-22 09:00 AM,2018,12,22,09,133.2,191,Unhealthy,150.0,UG/M3,1 Hr,Valid
Phora Durbar Kathmandu,PM2.5 - Principal,2018-12-22 10:00 AM,2018,12,22,10,122.7,186,Unhealthy,101.0,UG/M3,1 Hr,Valid
Phora Durbar Kathmandu,PM2.5 - Principal,2018-12-22 11:00 AM,2018,12,22,11,84.1,166,Unhealthy,48.0,UG/M3,1 Hr,Valid
Phora Durbar Kathmandu,PM2.5 - Principal,2018-12-22 12:00 PM,2018,12,22,12,66.0,156,Unhealthy,48.0,UG/M3,1 Hr,Valid
Phora Durbar Kathmandu,PM2.5 - Principal,2018-12-22 01:00 PM,2018,12,22,13,56.5,152,Unhealthy,47.0,UG/M3,1 Hr,Valid
Phora Durbar Kathmandu,PM2.5 - Principal,2018-12-22 02:00 PM,2018,12,22,14,48.7,134,Unhealthy for Sensitive Groups,41.0,UG/M3,1 Hr,Valid
Phora Durbar Kathmandu,PM2.5 - Principal,2018-12-22 03:00 PM,2018,12,22,15,43.8,121,Unhealthy for Sensitive Groups,39.0,UG/M3,1 Hr,Valid
Phora Durbar Kathmandu,PM2.5 - Principal,2018-12-22 04:00 PM,2018,12,22,16,43.4,120,Unhealthy for Sensitive Groups,43.0,UG/M3,1 Hr,Valid
Phora Durbar Kathmandu,PM2.5 - Principal,2018-12-22 05:00 PM,2018,12,22,17,57.2,152,Unhealthy,71.0,UG/M3,1 Hr,Valid
Phora Durbar Kathmandu,PM2.5 - Principal,2018-12-22 06:00 PM,2018,12,22,18,101.1,175,Unhealthy,145.0,UG/M3,1 Hr,Valid
Phora Durbar Kathmandu,PM2.5 - Principal,2018-12-22 07:00 PM,2018,12,22,19,135.5,192,Unhealthy,170.0,UG/M3,1 Hr,Valid
Phora Durbar Kathmandu,PM2.5 - Principal,2018-12-22 08:00 PM,2018,12,22,20,145.2,197,Unhealthy,155.0,UG/M3,1 Hr,Valid
Phora Durbar Kathmandu,PM2.5 - Principal,2018-12-22 09:00 PM,2018,12,22,21,166.1,216,Very Unhealthy,187.0,UG/M3,1 Hr,Valid
Phora Durbar Kathmandu,PM2.5 - Principal,2018-12-22 10:00 PM,2018,12,22,22,170.0,220,Very Unhealthy,174.0,UG/M3,1 Hr,Valid
Phora Durbar Kathmandu,PM2.5 - Principal,2018-12-22 11:00 PM,2018,12,22,23,156.5,207,Very Unhealthy,143.0,UG/M3,1 Hr,Valid
Phora Durbar Kathmandu,PM2.5 - Principal,2018-12-23 12:00 AM,2018,12,23,00,121.2,185,Unhealthy,86.0,UG/M3,1 Hr,Valid
Phora Durbar Kathmandu,PM2.5 - Principal,2018-12-23 01:00 AM,2018,12,23,01,108.6,178,Unhealthy,96.0,UG/M3,1 Hr,Valid
Phora Durbar Kathmandu,PM2.5 - Principal,2018-12-23 02:00 AM,2018,12,23,02,104.3,176,Unhealthy,100.0,UG/M3,1 Hr,Valid
Phora Durbar Kathmandu,PM2.5 - Principal,2018-12-23 03:00 AM,2018,12,23,03,95.6,172,Unhealthy,87.0,UG/M3,1 Hr,Valid
Phora Durbar Kathmandu,PM2.5 - Principal,2018-12-23 04:00 AM,2018,12,23,04,87.3,167,Unhealthy,79.0,UG/M3,1 Hr,Valid
Phora Durbar Kathmandu,PM2.5 - Principal,2018-12-23 05:00 AM,2018,12,23,05,99.1,174,Unhealthy,111.0,UG/M3,1 Hr,Valid
Phora Durbar Kathmandu,PM2.5 - Principal,2018-12-23 06:00 AM,2018,12,23,06,102.0,175,Unhealthy,105.0,UG/M3,1 Hr,Valid
Phora Durbar Kathmandu,PM2.5 - Principal,2018-12-23 07:00 AM,2018,12,23,07,139.5,194,Unhealthy,177.0,UG/M3,1 Hr,Valid
Phora Durbar Kathmandu,PM2.5 - Principal,2018-12-23 08:00 AM,2018,12,23,08,141.7,196,Unhealthy,144.0,UG/M3,1 Hr,Valid
Phora Durbar Kathmandu,PM2.5 - Principal,2018-12-23 09:00 AM,2018,12,23,09,152.8,203,Very Unhealthy,164.0,UG/M3,1 Hr,Valid
Phora Durbar Kathmandu,PM2.5 - Principal,2018-12-23 10:00 AM,2018,12,23,10,176.9,227,Very Unhealthy,201.0,UG/M3,1 Hr,Valid
Phora Durbar Kathmandu,PM2.5 - Principal,2018-12-23 11:00 AM,2018,12,23,11,154.9,205,Very Unhealthy,133.0,UG/M3,1 Hr,Valid
Phora Durbar Kathmandu,PM2.5 - Principal,2018-12-23 12:00 PM,2018,12,23,12,111.9,180,Unhealthy,69.0,UG/M3,1 Hr,Valid
Phora Durbar Kathmandu,PM2.5 - Principal,2018-12-23 01:00 PM,2018,12,23,13,80.9,164,Unhealthy,50.0,UG/M3,1 Hr,Valid
Phora Durbar Kathmandu,PM2.5 - Principal,2018-12-23 02:00 PM,2018,12,23,14,54.9,149,Unhealthy for Sensitive Groups,29.0,UG/M3,1 Hr,Valid
Phora Durbar Kathmandu,PM2.5 - Principal,2018-12-23 03:00 PM,2018,12,23,15,46.9,129,Unhealthy for Sensitive Groups,39.0,UG/M3,1 Hr,Valid
Phora Durbar Kathmandu,PM2.5 - Principal,2018-12-23 04:00 PM,2018,12,23,16,47.9,132,Unhealthy for Sensitive Groups,49.0,UG/M3,1 Hr,Valid
Phora Durbar Kathmandu,PM2.5 - Principal,2018-12-23 05:00 PM,2018,12,23,17,56.9,152,Unhealthy,66.0,UG/M3,1 Hr,Valid
Phora Durbar Kathmandu,PM2.5 - Principal,2018-12-23 06:00 PM,2018,12,23,18,73.4,160,Unhealthy,90.0,UG/M3,1 Hr,Valid
Phora Durbar Kathmandu,PM2.5 - Principal,2018-12-23 07:00 PM,2018,12,23,19,103.2,176,Unhealthy,133.0,UG/M3,1 Hr,Valid
Phora Durbar Kathmandu,PM2.5 - Principal,2018-12-23 08:00 PM,2018,12,23,20,136.6,193,Unhealthy,170.0,UG/M3,1 Hr,Valid
Phora Durbar Kathmandu,PM2.5 - Principal,2018-12-23 09:00 PM,2018,12,23,21,163.8,214,Very Unhealthy,191.0,UG/M3,1 Hr,Valid
Phora Durbar Kathmandu,PM2.5 - Principal,2018-12-23 10:00 PM,2018,12,23,22,173.9,224,Very Unhealthy,184.0,UG/M3,1 Hr,Valid
Phora Durbar Kathmandu,PM2.5 - Principal,2018-12-23 11:00 PM,2018,12,23,23,160.4,211,Very Unhealthy,147.0,UG/M3,1 Hr,Valid
Phora Durbar Kathmandu,PM2.5 - Principal,2018-12-24 12:00 AM,2018,12,24,00,148.7,199,Unhealthy,137.0,UG/M3,1 Hr,Valid
Phora Durbar Kathmandu,PM2.5 - Principal,2018-12-24 01:00 AM,2018,12,24,01,125.3,187,Unhealthy,102.0,UG/M3,1 Hr,Valid
Phora Durbar Kathmandu,PM2.5 - Principal,2018-12-24 02:00 AM,2018,12,24,02,98.1,173,Unhealthy,71.0,UG/M3,1 Hr,Valid
Phora Durbar Kathmandu,PM2.5 - Principal,2018-12-24 03:00 AM,2018,12,24,03,81.0,164,Unhealthy,64.0,UG/M3,1 Hr,Valid
Phora Durbar Kathmandu,PM2.5 - Principal,2018-12-24 04:00 AM,2018,12,24,04,82.5,165,Unhealthy,84.0,UG/M3,1 Hr,Valid
Phora Durbar Kathmandu,PM2.5 - Principal,2018-12-24 05:00 AM,2018,12,24,05,85.2,166,Unhealthy,88.0,UG/M3,1 Hr,Valid
Phora Durbar Kathmandu,PM2.5 - Principal,2018-12-24 06:00 AM,2018,12,24,06,85.1,166,Unhealthy,85.0,UG/M3,1 Hr,Valid
Phora Durbar Kathmandu,PM2.5 - Principal,2018-12-24 07:00 AM,2018,12,24,07,95.0,171,Unhealthy,105.0,UG/M3,1 Hr,Valid
Phora Durbar Kathmandu,PM2.5 - Principal,2018-12-24 08:00 AM,2018,12,24,08,119.0,184,Unhealthy,143.0,UG/M3,1 Hr,Valid
Phora Durbar Kathmandu,PM2.5 - Principal,2018-12-24 09:00 AM,2018,12,24,09,148.0,199,Unhealthy,177.0,UG/M3,1 Hr,Valid
Phora Durbar Kathmandu,PM2.5 - Principal,2018-12-24 10:00 AM,2018,12,24,10,161.0,211,Very Unhealthy,174.0,UG/M3,1 Hr,Valid
Phora Durbar Kathmandu,PM2.5 - Principal,2018-12-24 11:00 AM,2018,12,24,11,154.5,205,Very Unhealthy,148.0,UG/M3,1 Hr,Valid
Phora Durbar Kathmandu,PM2.5 - Principal,2018-12-24 12:00 PM,2018,12,24,12,118.7,184,Unhealthy,83.0,UG/M3,1 Hr,Valid
Phora Durbar Kathmandu,PM2.5 - Principal,2018-12-24 01:00 PM,2018,12,24,13,101.3,175,Unhealthy,84.0,UG/M3,1 Hr,Valid
Phora Durbar Kathmandu,PM2.5 - Principal,2018-12-24 02:00 PM,2018,12,24,14,77.1,162,Unhealthy,53.0,UG/M3,1 Hr,Valid
Phora Durbar Kathmandu,PM2.5 - Principal,2018-12-24 03:00 PM,2018,12,24,15,68.0,157,Unhealthy,59.0,UG/M3,1 Hr,Valid
Phora Durbar Kathmandu,PM2.5 - Principal,2018-12-24 04:00 PM,2018,12,24,16,59.0,153,Unhealthy,50.0,UG/M3,1 Hr,Valid
Phora Durbar Kathmandu,PM2.5 - Principal,2018-12-24 05:00 PM,2018,12,24,17,58.5,153,Unhealthy,58.0,UG/M3,1 Hr,Valid
Phora Durbar Kathmandu,PM2.5 - Principal,2018-12-24 06:00 PM,2018,12,24,18,73.7,160,Unhealthy,89.0,UG/M3,1 Hr,Valid
Phora Durbar Kathmandu,PM2.5 - Principal,2018-12-24 07:00 PM,2018,12,24,19,108.3,178,Unhealthy,143.0,UG/M3,1 Hr,Valid
Phora Durbar Kathmandu,PM2.5 - Principal,2018-12-24 08:00 PM,2018,12,24,20,118.6,184,Unhealthy,129.0,UG/M3,1 Hr,Valid
Phora Durbar Kathmandu,PM2.5 - Principal,2018-12-24 09:00 PM,2018,12,24,21,124.3,187,Unhealthy,130.0,UG/M3,1 Hr,Valid
Phora Durbar Kathmandu,PM2.5 - Principal,2018-12-24 10:00 PM,2018,12,24,22,141.1,195,Unhealthy,158.0,UG/M3,1 Hr,Valid
Phora Durbar Kathmandu,PM2.5 - Principal,2018-12-24 11:00 PM,2018,12,24,23,150.0,200,Unhealthy,159.0,UG/M3,1 Hr,Valid
Phora Durbar Kathmandu,PM2.5 - Principal,2018-12-25 12:00 AM,2018,12,25,00,124.5,187,Unhealthy,99.0,UG/M3,1 Hr,Valid
Phora Durbar Kathmandu,PM2.5 - Principal,2018-12-25 01:00 AM,2018,12,25,01,126.2,188,Unhealthy,128.0,UG/M3,1 Hr,Valid
Phora Durbar Kathmandu,PM2.5 - Principal,2018-12-25 02:00 AM,2018,12,25,02,121.1,185,Unhealthy,116.0,UG/M3,1 Hr,Valid
Phora Durbar Kathmandu,PM2.5 - Principal,2018-12-25 03:00 AM,2018,12,25,03,98.5,173,Unhealthy,76.0,UG/M3,1 Hr,Valid
Phora Durbar Kathmandu,PM2.5 - Principal,2018-12-25 04:00 AM,2018,12,25,04,80.7,164,Unhealthy,63.0,UG/M3,1 Hr,Valid
Phora Durbar Kathmandu,PM2.5 - Principal,2018-12-25 05:00 AM,2018,12,25,05,77.3,162,Unhealthy,74.0,UG/M3,1 Hr,Valid
Phora Durbar Kathmandu,PM2.5 - Principal,2018-12-25 06:00 AM,2018,12,25,06,89.6,169,Unhealthy,102.0,UG/M3,1 Hr,Valid
Phora Durbar Kathmandu,PM2.5 - Principal,2018-12-25 07:00 AM,2018,12,25,07,95.3,172,Unhealthy,101.0,UG/M3,1 Hr,Valid
Phora Durbar Kathmandu,PM2.5 - Principal,2018-12-25 08:00 AM,2018,12,25,08,125.6,187,Unhealthy,156.0,UG/M3,1 Hr,Valid
Phora Durbar Kathmandu,PM2.5 - Principal,2018-12-25 09:00 AM,2018,12,25,09,150.8,201,Very Unhealthy,176.0,UG/M3,1 Hr,Valid
Phora Durbar Kathmandu,PM2.5 - Principal,2018-12-25 10:00 AM,2018,12,25,10,153.9,204,Very Unhealthy,157.0,UG/M3,1 Hr,Valid
Phora Durbar Kathmandu,PM2.5 - Principal,2018-12-25 11:00 AM,2018,12,25,11,140.9,195,Unhealthy,128.0,UG/M3,1 Hr,Valid
Phora Durbar Kathmandu,PM2.5 - Principal,2018-12-25 12:00 PM,2018,12,25,12,130.4,190,Unhealthy,120.0,UG/M3,1 Hr,Valid
Phora Durbar Kathmandu,PM2.5 - Principal,2018-12-25 01:00 PM,2018,12,25,13,117.7,183,Unhealthy,105.0,UG/M3,1 Hr,Valid
Phora Durbar Kathmandu,PM2.5 - Principal,2018-12-25 02:00 PM,2018,12,25,14,74.3,161,Unhealthy,31.0,UG/M3,1 Hr,Valid
Phora Durbar Kathmandu,PM2.5 - Principal,2018-12-25 03:00 PM,2018,12,25,15,48.1,132,Unhealthy for Sensitive Groups,22.0,UG/M3,1 Hr,Valid
Phora Durbar Kathmandu,PM2.5 - Principal,2018-12-25 04:00 PM,2018,12,25,16,40.5,113,Unhealthy for Sensitive Groups,33.0,UG/M3,1 Hr,Valid
Phora Durbar Kathmandu,PM2.5 - Principal,2018-12-25 05:00 PM,2018,12,25,17,41.2,115,Unhealthy for Sensitive Groups,42.0,UG/M3,1 Hr,Valid
Phora Durbar Kathmandu,PM2.5 - Principal,2018-12-25 06:00 PM,2018,12,25,18,66.1,156,Unhealthy,91.0,UG/M3,1 Hr,Valid
Phora Durbar Kathmandu,PM2.5 - Principal,2018-12-25 07:00 PM,2018,12,25,19,92.5,170,Unhealthy,119.0,UG/M3,1 Hr,Valid
Phora Durbar Kathmandu,PM2.5 - Principal,2018-12-25 08:00 PM,2018,12,25,20,98.2,173,Unhealthy,104.0,UG/M3,1 Hr,Valid
Phora Durbar Kathmandu,PM2.5 - Principal,2018-12-25 09:00 PM,2018,12,25,21,122.6,186,Unhealthy,147.0,UG/M3,1 Hr,Valid
Phora Durbar Kathmandu,PM2.5 - Principal,2018-12-25 10:00 PM,2018,12,25,22,131.3,190,Unhealthy,140.0,UG/M3,1 Hr,Valid
Phora Durbar Kathmandu,PM2.5 - Principal,2018-12-25 11:00 PM,2018,12,25,23,144.1,197,Unhealthy,157.0,UG/M3,1 Hr,Valid
Phora Durbar Kathmandu,PM2.5 - Principal,2018-12-26 12:00 AM,2018,12,26,00,118.0,183,Unhealthy,92.0,UG/M3,1 Hr,Valid
Phora Durbar Kathmandu,PM2.5 - Principal,2018-12-26 01:00 AM,2018,12,26,01,98.5,173,Unhealthy,79.0,UG/M3,1 Hr,Valid
Phora Durbar Kathmandu,PM2.5 - Principal,2018-12-26 02:00 AM,2018,12,26,02,87.7,168,Unhealthy,77.0,UG/M3,1 Hr,Valid
Phora Durbar Kathmandu,PM2.5 - Principal,2018-12-26 03:00 AM,2018,12,26,03,82.3,165,Unhealthy,77.0,UG/M3,1 Hr,Valid
Phora Durbar Kathmandu,PM2.5 - Principal,2018-12-26 04:00 AM,2018,12,26,04,79.2,163,Unhealthy,76.0,UG/M3,1 Hr,Valid
Phora Durbar Kathmandu,PM2.5 - Principal,2018-12-26 05:00 AM,2018,12,26,05,79.6,163,Unhealthy,80.0,UG/M3,1 Hr,Valid
Phora Durbar Kathmandu,PM2.5 - Principal,2018-12-26 06:00 AM,2018,12,26,06,80.3,164,Unhealthy,81.0,UG/M3,1 Hr,Valid
Phora Durbar Kathmandu,PM2.5 - Principal,2018-12-26 07:00 AM,2018,12,26,07,117.6,183,Unhealthy,155.0,UG/M3,1 Hr,Valid
Phora Durbar Kathmandu,PM2.5 - Principal,2018-12-26 08:00 AM,2018,12,26,08,130.3,190,Unhealthy,143.0,UG/M3,1 Hr,Valid
Phora Durbar Kathmandu,PM2.5 - Principal,2018-12-26 09:00 AM,2018,12,26,09,153.6,204,Very Unhealthy,177.0,UG/M3,1 Hr,Valid
Phora Durbar Kathmandu,PM2.5 - Principal,2018-12-26 10:00 AM,2018,12,26,10,138.3,194,Unhealthy,123.0,UG/M3,1 Hr,Valid
Phora Durbar Kathmandu,PM2.5 - Principal,2018-12-26 11:00 AM,2018,12,26,11,120.6,185,Unhealthy,103.0,UG/M3,1 Hr,Valid
Phora Durbar Kathmandu,PM2.5 - Principal,2018-12-26 12:00 PM,2018,12,26,12,95.3,172,Unhealthy,70.0,UG/M3,1 Hr,Valid
Phora Durbar Kathmandu,PM2.5 - Principal,2018-12-26 01:00 PM,2018,12,26,13,64.6,156,Unhealthy,34.0,UG/M3,1 Hr,Valid
Phora Durbar Kathmandu,PM2.5 - Principal,2018-12-26 02:00 PM,2018,12,26,14,49.3,135,Unhealthy for Sensitive Groups,34.0,UG/M3,1 Hr,Valid
Phora Durbar Kathmandu,PM2.5 - Principal,2018-12-26 03:00 PM,2018,12,26,15,44.1,122,Unhealthy for Sensitive Groups,39.0,UG/M3,1 Hr,Valid
Phora Durbar Kathmandu,PM2.5 - Principal,2018-12-26 04:00 PM,2018,12,26,16,45.5,126,Unhealthy for Sensitive Groups,47.0,UG/M3,1 Hr,Valid
Phora Durbar Kathmandu,PM2.5 - Principal,2018-12-26 05:00 PM,2018,12,26,17,50.2,137,Unhealthy for Sensitive Groups,55.0,UG/M3,1 Hr,Valid
Phora Durbar Kathmandu,PM2.5 - Principal,2018-12-26 06:00 PM,2018,12,26,18,63.1,155,Unhealthy,76.0,UG/M3,1 Hr,Valid
Phora Durbar Kathmandu,PM2.5 - Principal,2018-12-26 07:00 PM,2018,12,26,19,88.0,168,Unhealthy,113.0,UG/M3,1 Hr,Valid
Phora Durbar Kathmandu,PM2.5 - Principal,2018-12-26 08:00 PM,2018,12,26,20,101.0,174,Unhealthy,114.0,UG/M3,1 Hr,Valid
Phora Durbar Kathmandu,PM2.5 - Principal,2018-12-26 09:00 PM,2018,12,26,21,130.0,189,Unhealthy,159.0,UG/M3,1 Hr,Valid
Phora Durbar Kathmandu,PM2.5 - Principal,2018-12-26 10:00 PM,2018,12,26,22,141.0,195,Unhealthy,152.0,UG/M3,1 Hr,Valid
Phora Durbar Kathmandu,PM2.5 - Principal,2018-12-26 11:00 PM,2018,12,26,23,134.5,192,Unhealthy,128.0,UG/M3,1 Hr,Valid
Phora Durbar Kathmandu,PM2.5 - Principal,2018-12-27 12:00 AM,2018,12,27,00,123.7,186,Unhealthy,113.0,UG/M3,1 Hr,Valid
Phora Durbar Kathmandu,PM2.5 - Principal,2018-12-27 01:00 AM,2018,12,27,01,110.3,179,Unhealthy,97.0,UG/M3,1 Hr,Valid
Phora Durbar Kathmandu,PM2.5 - Principal,2018-12-27 02:00 AM,2018,12,27,02,97.6,173,Unhealthy,85.0,UG/M3,1 Hr,Valid
Phora Durbar Kathmandu,PM2.5 - Principal,2018-12-27 03:00 AM,2018,12,27,03,95.3,172,Unhealthy,93.0,UG/M3,1 Hr,Valid
Phora Durbar Kathmandu,PM2.5 - Principal,2018-12-27 04:00 AM,2018,12,27,04,87.6,168,Unhealthy,80.0,UG/M3,1 Hr,Valid
Phora Durbar Kathmandu,PM2.5 - Principal,2018-12-27 05:00 AM,2018,12,27,05,98.3,173,Unhealthy,109.0,UG/M3,1 Hr,Valid
Phora Durbar Kathmandu,PM2.5 - Principal,2018-12-27 06:00 AM,2018,12,27,06,89.2,168,Unhealthy,80.0,UG/M3,1 Hr,Valid
Phora Durbar Kathmandu,PM2.5 - Principal,2018-12-27 07:00 AM,2018,12,27,07,100.0,174,Unhealthy,111.0,UG/M3,1 Hr,Valid
Phora Durbar Kathmandu,PM2.5 - Principal,2018-12-27 08:00 AM,2018,12,27,08,111.9,180,Unhealthy,124.0,UG/M3,1 Hr,Valid
Phora Durbar Kathmandu,PM2.5 - Principal,2018-12-27 09:00 AM,2018,12,27,09,118.6,184,Unhealthy,127.0,UG/M3,1 Hr,Valid
Phora Durbar Kathmandu,PM2.5 - Principal,2018-12-27 10:00 AM,2018,12,27,10,122.8,186,Unhealthy,133.0,UG/M3,1 Hr,Valid
Phora Durbar Kathmandu,PM2.5 - Principal,2018-12-27 11:00 AM,2018,12,27,11,90.6,169,Unhealthy,55.0,UG/M3,1 Hr,Valid
Phora Durbar Kathmandu,PM2.5 - Principal,2018-12-27 12:00 PM,2018,12,27,12,63.3,155,Unhealthy,36.0,UG/M3,1 Hr,Valid
Phora Durbar Kathmandu,PM2.5 - Principal,2018-12-27 01:00 PM,2018,12,27,13,47.1,130,Unhealthy for Sensitive Groups,31.0,UG/M3,1 Hr,Valid
Phora Durbar Kathmandu,PM2.5 - Principal,2018-12-27 02:00 PM,2018,12,27,14,42.5,118,Unhealthy for Sensitive Groups,38.0,UG/M3,1 Hr,Valid
Phora Durbar Kathmandu,PM2.5 - Principal,2018-12-27 03:00 PM,2018,12,27,15,41.2,115,Unhealthy for Sensitive Groups,40.0,UG/M3,1 Hr,Valid
Phora Durbar Kathmandu,PM2.5 - Principal,2018-12-27 04:00 PM,2018,12,27,16,41.6,116,Unhealthy for Sensitive Groups,42.0,UG/M3,1 Hr,Valid
Phora Durbar Kathmandu,PM2.5 - Principal,2018-12-27 05:00 PM,2018,12,27,17,44.3,123,Unhealthy for Sensitive Groups,47.0,UG/M3,1 Hr,Valid
Phora Durbar Kathmandu,PM2.5 - Principal,2018-12-27 06:00 PM,2018,12,27,18,60.6,154,Unhealthy,77.0,UG/M3,1 Hr,Valid
Phora Durbar Kathmandu,PM2.5 - Principal,2018-12-27 07:00 PM,2018,12,27,19,71.8,159,Unhealthy,83.0,UG/M3,1 Hr,Valid
Phora Durbar Kathmandu,PM2.5 - Principal,2018-12-27 08:00 PM,2018,12,27,20,84.9,166,Unhealthy,98.0,UG/M3,1 Hr,Valid
Phora Durbar Kathmandu,PM2.5 - Principal,2018-12-27 09:00 PM,2018,12,27,21,110.4,179,Unhealthy,136.0,UG/M3,1 Hr,Valid
Phora Durbar Kathmandu,PM2.5 - Principal,2018-12-27 10:00 PM,2018,12,27,22,135.7,192,Unhealthy,161.0,UG/M3,1 Hr,Valid
Phora Durbar Kathmandu,PM2.5 - Principal,2018-12-27 11:00 PM,2018,12,27,23,138.8,194,Unhealthy,142.0,UG/M3,1 Hr,Valid
Phora Durbar Kathmandu,PM2.5 - Principal,2018-12-28 12:00 AM,2018,12,28,00,131.9,190,Unhealthy,125.0,UG/M3,1 Hr,Valid
Phora Durbar Kathmandu,PM2.5 - Principal,2018-12-28 01:00 AM,2018,12,28,01,115.4,182,Unhealthy,99.0,UG/M3,1 Hr,Valid
Phora Durbar Kathmandu,PM2.5 - Principal,2018-12-28 02:00 AM,2018,12,28,02,102.7,175,Unhealthy,90.0,UG/M3,1 Hr,Valid
Phora Durbar Kathmandu,PM2.5 - Principal,2018-12-28 03:00 AM,2018,12,28,03,100.8,174,Unhealthy,99.0,UG/M3,1 Hr,Valid
Phora Durbar Kathmandu,PM2.5 - Principal,2018-12-28 04:00 AM,2018,12,28,04,97.9,173,Unhealthy,95.0,UG/M3,1 Hr,Valid
Phora Durbar Kathmandu,PM2.5 - Principal,2018-12-28 05:00 AM,2018,12,28,05,92.4,170,Unhealthy,87.0,UG/M3,1 Hr,Valid
Phora Durbar Kathmandu,PM2.5 - Principal,2018-12-28 06:00 AM,2018,12,28,06,105.0,177,Unhealthy,118.0,UG/M3,1 Hr,Valid
Phora Durbar Kathmandu,PM2.5 - Principal,2018-12-28 07:00 AM,2018,12,28,07,119.0,184,Unhealthy,136.0,UG/M3,1 Hr,Valid
Phora Durbar Kathmandu,PM2.5 - Principal,2018-12-28 08:00 AM,2018,12,28,08,137.4,193,Unhealthy,159.0,UG/M3,1 Hr,Valid
Phora Durbar Kathmandu,PM2.5 - Principal,2018-12-28 09:00 AM,2018,12,28,09,155.5,206,Very Unhealthy,172.0,UG/M3,1 Hr,Valid
Phora Durbar Kathmandu,PM2.5 - Principal,2018-12-28 10:00 AM,2018,12,28,10,163.1,213,Very Unhealthy,171.0,UG/M3,1 Hr,Valid
Phora Durbar Kathmandu,PM2.5 - Principal,2018-12-28 11:00 AM,2018,12,28,11,133.4,191,Unhealthy,103.0,UG/M3,1 Hr,Valid
Phora Durbar Kathmandu,PM2.5 - Principal,2018-12-28 12:00 PM,2018,12,28,12,107.1,178,Unhealthy,81.0,UG/M3,1 Hr,Valid
Phora Durbar Kathmandu,PM2.5 - Principal,2018-12-28 01:00 PM,2018,12,28,13,76.5,162,Unhealthy,46.0,UG/M3,1 Hr,Valid
Phora Durbar Kathmandu,PM2.5 - Principal,2018-12-28 02:00 PM,2018,12,28,14,53.7,146,Unhealthy for Sensitive Groups,31.0,UG/M3,1 Hr,Valid
Phora Durbar Kathmandu,PM2.5 - Principal,2018-12-28 03:00 PM,2018,12,28,15,42.8,119,Unhealthy for Sensitive Groups,32.0,UG/M3,1 Hr,Valid
Phora Durbar Kathmandu,PM2.5 - Principal,2018-12-28 04:00 PM,2018,12,28,16,47.4,130,Unhealthy for Sensitive Groups,52.0,UG/M3,1 Hr,Valid
Phora Durbar Kathmandu,PM2.5 - Principal,2018-12-28 05:00 PM,2018,12,28,17,62.2,154,Unhealthy,77.0,UG/M3,1 Hr,Valid
Phora Durbar Kathmandu,PM2.5 - Principal,2018-12-28 06:00 PM,2018,12,28,18,71.1,159,Unhealthy,80.0,UG/M3,1 Hr,Valid
Phora Durbar Kathmandu,PM2.5 - Principal,2018-12-28 07:00 PM,2018,12,28,19,83.0,165,Unhealthy,95.0,UG/M3,1 Hr,Valid
Phora Durbar Kathmandu,PM2.5 - Principal,2018-12-28 08:00 PM,2018,12,28,20,92.5,170,Unhealthy,102.0,UG/M3,1 Hr,Valid
Phora Durbar Kathmandu,PM2.5 - Principal,2018-12-28 09:00 PM,2018,12,28,21,114.2,181,Unhealthy,136.0,UG/M3,1 Hr,Valid
Phora Durbar Kathmandu,PM2.5 - Principal,2018-12-28 10:00 PM,2018,12,28,22,112.6,180,Unhealthy,111.0,UG/M3,1 Hr,Valid
Phora Durbar Kathmandu,PM2.5 - Principal,2018-12-28 11:00 PM,2018,12,28,23,118.8,184,Unhealthy,125.0,UG/M3,1 Hr,Valid
Phora Durbar Kathmandu,PM2.5 - Principal,2018-12-29 12:00 AM,2018,12,29,00,100.9,174,Unhealthy,83.0,UG/M3,1 Hr,Valid
Phora Durbar Kathmandu,PM2.5 - Principal,2018-12-29 01:00 AM,2018,12,29,01,88.4,168,Unhealthy,76.0,UG/M3,1 Hr,Valid
Phora Durbar Kathmandu,PM2.5 - Principal,2018-12-29 02:00 AM,2018,12,29,02,84.2,166,Unhealthy,80.0,UG/M3,1 Hr,Valid
Phora Durbar Kathmandu,PM2.5 - Principal,2018-12-29 03:00 AM,2018,12,29,03,114.6,182,Unhealthy,145.0,UG/M3,1 Hr,Valid
Phora Durbar Kathmandu,PM2.5 - Principal,2018-12-29 04:00 AM,2018,12,29,04,109.4,179,Unhealthy,105.0,UG/M3,1 Hr,Valid
Phora Durbar Kathmandu,PM2.5 - Principal,2018-12-29 05:00 AM,2018,12,29,05,128.3,189,Unhealthy,148.0,UG/M3,1 Hr,Valid
Phora Durbar Kathmandu,PM2.5 - Principal,2018-12-29 06:00 AM,2018,12,29,06,124.2,186,Unhealthy,120.0,UG/M3,1 Hr,Valid
Phora Durbar Kathmandu,PM2.5 - Principal,2018-12-29 07:00 AM,2018,12,29,07,129.9,189,Unhealthy,136.0,UG/M3,1 Hr,Valid
Phora Durbar Kathmandu,PM2.5 - Principal,2018-12-29 08:00 AM,2018,12,29,08,154.1,205,Very Unhealthy,178.0,UG/M3,1 Hr,Valid
Phora Durbar Kathmandu,PM2.5 - Principal,2018-12-29 09:00 AM,2018,12,29,09,180.5,231,Very Unhealthy,207.0,UG/M3,1 Hr,Valid
Phora Durbar Kathmandu,PM2.5 - Principal,2018-12-29 10:00 AM,2018,12,29,10,181.7,232,Very Unhealthy,183.0,UG/M3,1 Hr,Valid
Phora Durbar Kathmandu,PM2.5 - Principal,2018-12-29 11:00 AM,2018,12,29,11,172.4,223,Very Unhealthy,163.0,UG/M3,1 Hr,Valid
Phora Durbar Kathmandu,PM2.5 - Principal,2018-12-29 12:00 PM,2018,12,29,12,132.2,191,Unhealthy,92.0,UG/M3,1 Hr,Valid
Phora Durbar Kathmandu,PM2.5 - Principal,2018-12-29 01:00 PM,2018,12,29,13,97.5,173,Unhealthy,63.0,UG/M3,1 Hr,Valid
Phora Durbar Kathmandu,PM2.5 - Principal,2018-12-29 02:00 PM,2018,12,29,14,70.2,159,Unhealthy,43.0,UG/M3,1 Hr,Valid
Phora Durbar Kathmandu,PM2.5 - Principal,2018-12-29 03:00 PM,2018,12,29,15,59.6,153,Unhealthy,49.0,UG/M3,1 Hr,Valid
Phora Durbar Kathmandu,PM2.5 - Principal,2018-12-29 04:00 PM,2018,12,29,16,50.8,139,Unhealthy for Sensitive Groups,42.0,UG/M3,1 Hr,Valid
Phora Durbar Kathmandu,PM2.5 - Principal,2018-12-29 05:00 PM,2018,12,29,17,48.3,133,Unhealthy for Sensitive Groups,46.0,UG/M3,1 Hr,Valid
Phora Durbar Kathmandu,PM2.5 - Principal,2018-12-29 06:00 PM,2018,12,29,18,71.1,159,Unhealthy,94.0,UG/M3,1 Hr,Valid
Phora Durbar Kathmandu,PM2.5 - Principal,2018-12-29 07:00 PM,2018,12,29,19,98.0,173,Unhealthy,125.0,UG/M3,1 Hr,Valid
Phora Durbar Kathmandu,PM2.5 - Principal,2018-12-29 08:00 PM,2018,12,29,20,116.5,182,Unhealthy,135.0,UG/M3,1 Hr,Valid
Phora Durbar Kathmandu,PM2.5 - Principal,2018-12-29 09:00 PM,2018,12,29,21,130.7,190,Unhealthy,145.0,UG/M3,1 Hr,Valid
Phora Durbar Kathmandu,PM2.5 - Principal,2018-12-29 10:00 PM,2018,12,29,22,139.8,195,Unhealthy,149.0,UG/M3,1 Hr,Valid
Phora Durbar Kathmandu,PM2.5 - Principal,2018-12-29 11:00 PM,2018,12,29,23,149.9,200,Unhealthy,160.0,UG/M3,1 Hr,Valid
Phora Durbar Kathmandu,PM2.5 - Principal,2018-12-30 12:00 AM,2018,12,30,00,144.4,197,Unhealthy,139.0,UG/M3,1 Hr,Valid
Phora Durbar Kathmandu,PM2.5 - Principal,2018-12-30 01:00 AM,2018,12,30,01,133.2,191,Unhealthy,122.0,UG/M3,1 Hr,Valid
Phora Durbar Kathmandu,PM2.5 - Principal,2018-12-30 02:00 AM,2018,12,30,02,127.1,188,Unhealthy,121.0,UG/M3,1 Hr,Valid
Phora Durbar Kathmandu,PM2.5 - Principal,2018-12-30 03:00 AM,2018,12,30,03,105.5,177,Unhealthy,84.0,UG/M3,1 Hr,Valid
Phora Durbar Kathmandu,PM2.5 - Principal,2018-12-30 04:00 AM,2018,12,30,04,109.2,179,Unhealthy,113.0,UG/M3,1 Hr,Valid
Phora Durbar Kathmandu,PM2.5 - Principal,2018-12-30 05:00 AM,2018,12,30,05,108.9,179,Unhealthy,108.0,UG/M3,1 Hr,Valid
Phora Durbar Kathmandu,PM2.5 - Principal,2018-12-30 06:00 AM,2018,12,30,06,115.1,182,Unhealthy,122.0,UG/M3,1 Hr,Valid
Phora Durbar Kathmandu,PM2.5 - Principal,2018-12-30 07:00 AM,2018,12,30,07,138.3,194,Unhealthy,163.0,UG/M3,1 Hr,Valid
Phora Durbar Kathmandu,PM2.5 - Principal,2018-12-30 08:00 AM,2018,12,30,08,151.6,202,Very Unhealthy,165.0,UG/M3,1 Hr,Valid
Phora Durbar Kathmandu,PM2.5 - Principal,2018-12-30 09:00 AM,2018,12,30,09,180.0,230,Very Unhealthy,208.0,UG/M3,1 Hr,Valid
Phora Durbar Kathmandu,PM2.5 - Principal,2018-12-30 10:00 AM,2018,12,30,10,181.5,232,Very Unhealthy,183.0,UG/M3,1 Hr,Valid
Phora Durbar Kathmandu,PM2.5 - Principal,2018-12-30 11:00 AM,2018,12,30,11,169.7,220,Very Unhealthy,158.0,UG/M3,1 Hr,Valid
Phora Durbar Kathmandu,PM2.5 - Principal,2018-12-30 12:00 PM,2018,12,30,12,160.8,211,Very Unhealthy,152.0,UG/M3,1 Hr,Valid
Phora Durbar Kathmandu,PM2.5 - Principal,2018-12-30 01:00 PM,2018,12,30,13,139.9,195,Unhealthy,119.0,UG/M3,1 Hr,Valid
Phora Durbar Kathmandu,PM2.5 - Principal,2018-12-30 02:00 PM,2018,12,30,14,107.4,178,Unhealthy,75.0,UG/M3,1 Hr,Valid
Phora Durbar Kathmandu,PM2.5 - Principal,2018-12-30 03:00 PM,2018,12,30,15,76.2,162,Unhealthy,45.0,UG/M3,1 Hr,Valid
Phora Durbar Kathmandu,PM2.5 - Principal,2018-12-30 04:00 PM,2018,12,30,16,63.6,155,Unhealthy,51.0,UG/M3,1 Hr,Valid
Phora Durbar Kathmandu,PM2.5 - Principal,2018-12-30 05:00 PM,2018,12,30,17,58.2,152,Unhealthy,53.0,UG/M3,1 Hr,Valid
Phora Durbar Kathmandu,PM2.5 - Principal,2018-12-30 06:00 PM,2018,12,30,18,118.6,184,Unhealthy,179.0,UG/M3,1 Hr,Valid
Phora Durbar Kathmandu,PM2.5 - Principal,2018-12-30 07:00 PM,2018,12,30,19,126.8,188,Unhealthy,135.0,UG/M3,1 Hr,Valid
Phora Durbar Kathmandu,PM2.5 - Principal,2018-12-30 08:00 PM,2018,12,30,20,160.9,211,Very Unhealthy,195.0,UG/M3,1 Hr,Valid
Phora Durbar Kathmandu,PM2.5 - Principal,2018-12-30 09:00 PM,2018,12,30,21,182.4,233,Very Unhealthy,204.0,UG/M3,1 Hr,Valid
Phora Durbar Kathmandu,PM2.5 - Principal,2018-12-30 10:00 PM,2018,12,30,22,225.7,276,Very Unhealthy,269.0,UG/M3,1 Hr,Valid
Phora Durbar Kathmandu,PM2.5 - Principal,2018-12-30 11:00 PM,2018,12,30,23,257.8,308,Hazardous,290.0,UG/M3,1 Hr,Valid
Phora Durbar Kathmandu,PM2.5 - Principal,2018-12-31 12:00 AM,2018,12,31,00,245.9,296,Very Unhealthy,234.0,UG/M3,1 Hr,Valid
Phora Durbar Kathmandu,PM2.5 - Principal,2018-12-31 01:00 AM,2018,12,31,01,234.4,284,Very Unhealthy,223.0,UG/M3,1 Hr,Valid
Phora Durbar Kathmandu,PM2.5 - Principal,2018-12-31 02:00 AM,2018,12,31,02,179.7,230,Very Unhealthy,125.0,UG/M3,1 Hr,Valid
Phora Durbar Kathmandu,PM2.5 - Principal,2018-12-31 03:00 AM,2018,12,31,03,152.8,203,Very Unhealthy,126.0,UG/M3,1 Hr,Valid
Phora Durbar Kathmandu,PM2.5 - Principal,2018-12-31 04:00 AM,2018,12,31,04,146.4,198,Unhealthy,140.0,UG/M3,1 Hr,Valid
Phora Durbar Kathmandu,PM2.5 - Principal,2018-12-31 05:00 AM,2018,12,31,05,143.7,197,Unhealthy,141.0,UG/M3,1 Hr,Valid
Phora Durbar Kathmandu,PM2.5 - Principal,2018-12-31 06:00 AM,2018,12,31,06,130.8,190,Unhealthy,118.0,UG/M3,1 Hr,Valid
Phora Durbar Kathmandu,PM2.5 - Principal,2018-12-31 07:00 AM,2018,12,31,07,157.4,208,Very Unhealthy,184.0,UG/M3,1 Hr,Valid
Phora Durbar Kathmandu,PM2.5 - Principal,2018-12-31 08:00 AM,2018,12,31,08,193.2,243,Very Unhealthy,229.0,UG/M3,1 Hr,Valid
Phora Durbar Kathmandu,PM2.5 - Principal,2018-12-31 09:00 AM,2018,12,31,09,214.6,265,Very Unhealthy,236.0,UG/M3,1 Hr,Valid
Phora Durbar Kathmandu,PM2.5 - Principal,2018-12-31 10:00 AM,2018,12,31,10,267.8,318,Hazardous,321.0,UG/M3,1 Hr,Valid
Phora Durbar Kathmandu,PM2.5 - Principal,2018-12-31 11:00 AM,2018,12,31,11,216.8,267,Very Unhealthy,166.0,UG/M3,1 Hr,Valid
Phora Durbar Kathmandu,PM2.5 - Principal,2018-12-31 12:00 PM,2018,12,31,12,176.4,227,Very Unhealthy,136.0,UG/M3,1 Hr,Valid
Phora Durbar Kathmandu,PM2.5 - Principal,2018-12-31 01:00 PM,2018,12,31,13,145.7,198,Unhealthy,115.0,UG/M3,1 Hr,Valid
Phora Durbar Kathmandu,PM2.5 - Principal,2018-12-31 02:00 PM,2018,12,31,14,92.8,170,Unhealthy,40.0,UG/M3,1 Hr,Valid
Phora Durbar Kathmandu,PM2.5 - Principal,2018-12-31 03:00 PM,2018,12,31,15,66.9,157,Unhealthy,41.0,UG/M3,1 Hr,Valid
Phora Durbar Kathmandu,PM2.5 - Principal,2018-12-31 04:00 PM,2018,12,31,16,52.9,144,Unhealthy for Sensitive Groups,39.0,UG/M3,1 Hr,Valid
Phora Durbar Kathmandu,PM2.5 - Principal,2018-12-31 05:00 PM,2018,12,31,17,49.4,135,Unhealthy for Sensitive Groups,46.0,UG/M3,1 Hr,Valid
Phora Durbar Kathmandu,PM2.5 - Principal,2018-12-31 06:00 PM,2018,12,31,18,74.2,161,Unhealthy,99.0,UG/M3,1 Hr,Valid
Phora Durbar Kathmandu,PM2.5 - Principal,2018-12-31 07:00 PM,2018,12,31,19,88.1,168,Unhealthy,102.0,UG/M3,1 Hr,Valid
Phora Durbar Kathmandu,PM2.5 - Principal,2018-12-31 08:00 PM,2018,12,31,20,104.5,176,Unhealthy,121.0,UG/M3,1 Hr,Valid
Phora Durbar Kathmandu,PM2.5 - Principal,2018-12-31 09:00 PM,2018,12,31,21,150.7,201,Very Unhealthy,197.0,UG/M3,1 Hr,Valid
Phora Durbar Kathmandu,PM2.5 - Principal,2018-12-31 10:00 PM,2018,12,31,22,177.3,228,Very Unhealthy,204.0,UG/M3,1 Hr,Valid
Phora Durbar Kathmandu,PM2.5 - Principal,2018-12-31 11:00 PM,2018,12,31,23,171.6,222,Very Unhealthy,166.0,UG/M3,1 Hr,Valid
Phora Durbar Kathmandu,PM2.5 - Principal,2019-01-01 12:00 AM,2019,01,01,00,152.3,203,Very Unhealthy,133.0,UG/M3,1 Hr,Valid
